2025/04/06 10:29:803043 DEBUG EventLoop createdtruein thread175801 - EventLoop.cc:53
2025/04/06 10:29:803090 INFO  func =>fd4events=3index=-1 - EPollPoller.cc:66
2025/04/06 10:29:803369 DEBUG EventLoop createdtruein thread175803 - EventLoop.cc:53
2025/04/06 10:29:803380 INFO  func =>fd8events=3index=-1 - EPollPoller.cc:66
2025/04/06 10:29:803396 INFO  EventLoop start looping - EventLoop.cc:82
2025/04/06 10:29:803400 INFO  fd total count:1 - EPollPoller.cc:32
2025/04/06 10:29:803585 DEBUG EventLoop createdtruein thread175804 - EventLoop.cc:53
2025/04/06 10:29:803597 INFO  func =>fd10events=3index=-1 - EPollPoller.cc:66
2025/04/06 10:29:803620 INFO  EventLoop start looping - EventLoop.cc:82
2025/04/06 10:29:803626 INFO  fd total count:1 - EPollPoller.cc:32
2025/04/06 10:29:803797 DEBUG EventLoop createdtruein thread175805 - EventLoop.cc:53
2025/04/06 10:29:803807 INFO  func =>fd12events=3index=-1 - EPollPoller.cc:66
2025/04/06 10:29:803829 INFO  EventLoop start looping - EventLoop.cc:82
2025/04/06 10:29:803834 INFO  fd total count:1 - EPollPoller.cc:32
2025/04/06 10:29:803897 INFO  func =>fd6events=3index=-1 - EPollPoller.cc:66
2025/04/06 10:29:803952 INFO  EventLoop start looping - EventLoop.cc:82
2025/04/06 10:29:803958 INFO  fd total count:2 - EPollPoller.cc:32
2025/04/06 10:29:622736 INFO  events happend1 - EPollPoller.cc:40
2025/04/06 10:29:622784 INFO  channel handleEvent revents:1 - Channel.cc:73
2025/04/06 10:29:622858 ERROR EventLoopThreadPool::getNextLoop ERROR - EventLoopThreadPool.cc:43
2025/04/06 10:29:622868 INFO  TcpServer::newConnection [EchoServer]- new connection [EchoServer-127.0.0.1:8080#1]from %s127.0.0.1:43320 - TcpServer.cc:75
2025/04/06 10:29:622916 INFO  TcpConnection::ctor:[EchoServer-127.0.0.1:8080#1]at fd=13 - TcpConnection.cc:52
2025/04/06 10:29:622987 INFO  func =>fd13events=3index=-1 - EPollPoller.cc:66
2025/04/06 10:29:623000 INFO  Connection UP :127.0.0.1:43320 - main.cc:44
2025/04/06 10:29:623036 INFO  fd total count:3 - EPollPoller.cc:32
2025/04/06 10:29:803792 DEBUG timeout! - EPollPoller.cc:49
2025/04/06 10:29:803829 INFO  fd total count:1 - EPollPoller.cc:32
2025/04/06 10:29:813997 DEBUG timeout! - EPollPoller.cc:49
2025/04/06 10:29:814005 DEBUG timeout! - EPollPoller.cc:49
2025/04/06 10:29:814102 INFO  fd total count:1 - EPollPoller.cc:32
2025/04/06 10:29:814044 INFO  fd total count:1 - EPollPoller.cc:32
2025/04/06 10:29:021608 INFO  events happend1 - EPollPoller.cc:40
2025/04/06 10:29:021656 INFO  channel handleEvent revents:1 - Channel.cc:73
2025/04/06 10:29:021820 INFO  fd total count:3 - EPollPoller.cc:32
2025/04/06 10:29:071090 INFO  events happend1 - EPollPoller.cc:40
2025/04/06 10:29:071118 INFO  channel handleEvent revents:1 - Channel.cc:73
2025/04/06 10:29:071149 ERROR EventLoopThreadPool::getNextLoop ERROR - EventLoopThreadPool.cc:43
2025/04/06 10:29:071154 INFO  TcpServer::newConnection [EchoServer]- new connection [EchoServer-127.0.0.1:8080#2]from %s127.0.0.1:43326 - TcpServer.cc:75
2025/04/06 10:29:071174 INFO  TcpConnection::ctor:[EchoServer-127.0.0.1:8080#2]at fd=14 - TcpConnection.cc:52
2025/04/06 10:29:071196 INFO  func =>fd14events=3index=-1 - EPollPoller.cc:66
2025/04/06 10:29:071208 INFO  Connection UP :127.0.0.1:43326 - main.cc:44
2025/04/06 10:29:071215 INFO  fd total count:4 - EPollPoller.cc:32
2025/04/06 10:29:807770 DEBUG timeout! - EPollPoller.cc:49
2025/04/06 10:29:807803 INFO  fd total count:1 - EPollPoller.cc:32
2025/04/06 10:29:821583 DEBUG timeout! - EPollPoller.cc:49
2025/04/06 10:29:821617 INFO  fd total count:1 - EPollPoller.cc:32
2025/04/06 10:29:824098 DEBUG timeout! - EPollPoller.cc:49
2025/04/06 10:29:824113 INFO  fd total count:1 - EPollPoller.cc:32
2025/04/06 10:30:077665 DEBUG timeout! - EPollPoller.cc:49
2025/04/06 10:30:077696 INFO  fd total count:4 - EPollPoller.cc:32
2025/04/06 10:30:818075 DEBUG timeout! - EPollPoller.cc:49
2025/04/06 10:30:818102 INFO  fd total count:1 - EPollPoller.cc:32
2025/04/06 10:30:826085 DEBUG timeout! - EPollPoller.cc:49
2025/04/06 10:30:826121 INFO  fd total count:1 - EPollPoller.cc:32
2025/04/06 10:30:828357 DEBUG timeout! - EPollPoller.cc:49
2025/04/06 10:30:828373 INFO  fd total count:1 - EPollPoller.cc:32
2025/04/06 10:30:088120 DEBUG timeout! - EPollPoller.cc:49
2025/04/06 10:30:088151 INFO  fd total count:4 - EPollPoller.cc:32
2025/04/06 10:30:827116 DEBUG timeout! - EPollPoller.cc:49
2025/04/06 10:30:827147 INFO  fd total count:1 - EPollPoller.cc:32
2025/04/06 10:30:828301 DEBUG timeout! - EPollPoller.cc:49
2025/04/06 10:30:828316 INFO  fd total count:1 - EPollPoller.cc:32
2025/04/06 10:30:838466 DEBUG timeout! - EPollPoller.cc:49
2025/04/06 10:30:838488 INFO  fd total count:1 - EPollPoller.cc:32
2025/04/06 10:30:096192 DEBUG timeout! - EPollPoller.cc:49
2025/04/06 10:30:096229 INFO  fd total count:4 - EPollPoller.cc:32
2025/04/06 10:30:831430 DEBUG timeout! - EPollPoller.cc:49
2025/04/06 10:30:831467 INFO  fd total count:1 - EPollPoller.cc:32
2025/04/06 10:30:831506 DEBUG timeout! - EPollPoller.cc:49
2025/04/06 10:30:831521 INFO  fd total count:1 - EPollPoller.cc:32
2025/04/06 10:30:846244 DEBUG timeout! - EPollPoller.cc:49
2025/04/06 10:30:846272 INFO  fd total count:1 - EPollPoller.cc:32
2025/04/06 10:30:104583 DEBUG timeout! - EPollPoller.cc:49
2025/04/06 10:30:104619 INFO  fd total count:4 - EPollPoller.cc:32
2025/04/06 10:30:841695 DEBUG timeout! - EPollPoller.cc:49
2025/04/06 10:30:841721 DEBUG timeout! - EPollPoller.cc:49
2025/04/06 10:30:841732 INFO  fd total count:1 - EPollPoller.cc:32
2025/04/06 10:30:841736 INFO  fd total count:1 - EPollPoller.cc:32
2025/04/06 10:30:856562 DEBUG timeout! - EPollPoller.cc:49
2025/04/06 10:30:856595 INFO  fd total count:1 - EPollPoller.cc:32
2025/04/06 10:30:112736 DEBUG timeout! - EPollPoller.cc:49
2025/04/06 10:30:112767 INFO  fd total count:4 - EPollPoller.cc:32
2025/04/06 10:30:850079 DEBUG timeout! - EPollPoller.cc:49
2025/04/06 10:30:850130 INFO  fd total count:1 - EPollPoller.cc:32
2025/04/06 10:30:852100 DEBUG timeout! - EPollPoller.cc:49
2025/04/06 10:30:852120 INFO  fd total count:1 - EPollPoller.cc:32
2025/04/06 10:30:866504 DEBUG timeout! - EPollPoller.cc:49
2025/04/06 10:30:866529 INFO  fd total count:1 - EPollPoller.cc:32
2025/04/06 10:30:122959 DEBUG timeout! - EPollPoller.cc:49
2025/04/06 10:30:122997 INFO  fd total count:4 - EPollPoller.cc:32
2025/04/06 10:30:860448 DEBUG timeout! - EPollPoller.cc:49
2025/04/06 10:30:860484 INFO  fd total count:1 - EPollPoller.cc:32
2025/04/06 10:30:862481 DEBUG timeout! - EPollPoller.cc:49
2025/04/06 10:30:862506 INFO  fd total count:1 - EPollPoller.cc:32
2025/04/06 10:30:874955 DEBUG timeout! - EPollPoller.cc:49
2025/04/06 10:30:874993 INFO  fd total count:1 - EPollPoller.cc:32
2025/04/06 10:31:123623 DEBUG timeout! - EPollPoller.cc:49
2025/04/06 10:31:123658 INFO  fd total count:4 - EPollPoller.cc:32
2025/04/06 10:31:870581 DEBUG timeout! - EPollPoller.cc:49
2025/04/06 10:31:870615 INFO  fd total count:1 - EPollPoller.cc:32
2025/04/06 10:31:872538 DEBUG timeout! - EPollPoller.cc:49
2025/04/06 10:31:872553 INFO  fd total count:1 - EPollPoller.cc:32
2025/04/06 10:31:885018 DEBUG timeout! - EPollPoller.cc:49
2025/04/06 10:31:885051 INFO  fd total count:1 - EPollPoller.cc:32
2025/04/06 10:31:134034 DEBUG timeout! - EPollPoller.cc:49
2025/04/06 10:31:134075 INFO  fd total count:4 - EPollPoller.cc:32
2025/04/06 10:31:880455 DEBUG timeout! - EPollPoller.cc:49
2025/04/06 10:31:880512 INFO  fd total count:1 - EPollPoller.cc:32
2025/04/06 10:31:882927 DEBUG timeout! - EPollPoller.cc:49
2025/04/06 10:31:882941 INFO  fd total count:1 - EPollPoller.cc:32
2025/04/06 10:31:895376 DEBUG timeout! - EPollPoller.cc:49
2025/04/06 10:31:895404 INFO  fd total count:1 - EPollPoller.cc:32
2025/04/06 10:31:135475 DEBUG timeout! - EPollPoller.cc:49
2025/04/06 10:31:135510 INFO  fd total count:4 - EPollPoller.cc:32
2025/04/06 10:31:889174 DEBUG timeout! - EPollPoller.cc:49
2025/04/06 10:31:889213 INFO  fd total count:1 - EPollPoller.cc:32
2025/04/06 10:31:891155 DEBUG timeout! - EPollPoller.cc:49
2025/04/06 10:31:891170 INFO  fd total count:1 - EPollPoller.cc:32
2025/04/06 10:31:905532 DEBUG timeout! - EPollPoller.cc:49
2025/04/06 10:31:905567 INFO  fd total count:1 - EPollPoller.cc:32
2025/04/06 10:31:139091 DEBUG timeout! - EPollPoller.cc:49
2025/04/06 10:31:139133 INFO  fd total count:4 - EPollPoller.cc:32
2025/04/06 10:31:899716 DEBUG timeout! - EPollPoller.cc:49
2025/04/06 10:31:899719 DEBUG timeout! - EPollPoller.cc:49
2025/04/06 10:31:899782 INFO  fd total count:1 - EPollPoller.cc:32
2025/04/06 10:31:899763 INFO  fd total count:1 - EPollPoller.cc:32
2025/04/06 10:31:915682 DEBUG timeout! - EPollPoller.cc:49
2025/04/06 10:31:915718 INFO  fd total count:1 - EPollPoller.cc:32
2025/04/06 10:31:140211 DEBUG timeout! - EPollPoller.cc:49
2025/04/06 10:31:140252 INFO  fd total count:4 - EPollPoller.cc:32
2025/04/06 10:31:901288 DEBUG timeout! - EPollPoller.cc:49
2025/04/06 10:31:901324 INFO  fd total count:1 - EPollPoller.cc:32
2025/04/06 10:31:905260 DEBUG timeout! - EPollPoller.cc:49
2025/04/06 10:31:905276 INFO  fd total count:1 - EPollPoller.cc:32
2025/04/06 10:31:926104 DEBUG timeout! - EPollPoller.cc:49
2025/04/06 10:31:926141 INFO  fd total count:1 - EPollPoller.cc:32
2025/04/06 10:31:148640 DEBUG timeout! - EPollPoller.cc:49
2025/04/06 10:31:148679 INFO  fd total count:4 - EPollPoller.cc:32
2025/04/06 10:31:902190 DEBUG timeout! - EPollPoller.cc:49
2025/04/06 10:31:902267 INFO  fd total count:1 - EPollPoller.cc:32
2025/04/06 10:31:909546 DEBUG timeout! - EPollPoller.cc:49
2025/04/06 10:31:909563 INFO  fd total count:1 - EPollPoller.cc:32
2025/04/06 10:31:927072 DEBUG timeout! - EPollPoller.cc:49
2025/04/06 10:31:927103 INFO  fd total count:1 - EPollPoller.cc:32
2025/04/06 10:32:149087 DEBUG timeout! - EPollPoller.cc:49
2025/04/06 10:32:149125 INFO  fd total count:4 - EPollPoller.cc:32
2025/04/06 10:32:909833 DEBUG timeout! - EPollPoller.cc:49
2025/04/06 10:32:909868 INFO  fd total count:1 - EPollPoller.cc:32
2025/04/06 10:32:919913 DEBUG timeout! - EPollPoller.cc:49
2025/04/06 10:32:919929 INFO  fd total count:1 - EPollPoller.cc:32
2025/04/06 10:32:935455 DEBUG timeout! - EPollPoller.cc:49
2025/04/06 10:32:935482 INFO  fd total count:1 - EPollPoller.cc:32
2025/04/06 10:32:159472 DEBUG timeout! - EPollPoller.cc:49
2025/04/06 10:32:159509 INFO  fd total count:4 - EPollPoller.cc:32
2025/04/06 10:32:919844 DEBUG timeout! - EPollPoller.cc:49
2025/04/06 10:32:919881 INFO  fd total count:1 - EPollPoller.cc:32
2025/04/06 10:32:930312 DEBUG timeout! - EPollPoller.cc:49
2025/04/06 10:32:930345 INFO  fd total count:1 - EPollPoller.cc:32
2025/04/06 10:32:945962 DEBUG timeout! - EPollPoller.cc:49
2025/04/06 10:32:945987 INFO  fd total count:1 - EPollPoller.cc:32
2025/04/06 10:32:162506 DEBUG timeout! - EPollPoller.cc:49
2025/04/06 10:32:162542 INFO  fd total count:4 - EPollPoller.cc:32
2025/04/06 10:32:930178 DEBUG timeout! - EPollPoller.cc:49
2025/04/06 10:32:930206 INFO  fd total count:1 - EPollPoller.cc:32
2025/04/06 10:32:933308 DEBUG timeout! - EPollPoller.cc:49
2025/04/06 10:32:933353 INFO  fd total count:1 - EPollPoller.cc:32
2025/04/06 10:32:955471 DEBUG timeout! - EPollPoller.cc:49
2025/04/06 10:32:955499 INFO  fd total count:1 - EPollPoller.cc:32
2025/04/06 10:32:172646 DEBUG timeout! - EPollPoller.cc:49
2025/04/06 10:32:172683 INFO  fd total count:4 - EPollPoller.cc:32
2025/04/06 10:32:940517 DEBUG timeout! - EPollPoller.cc:49
2025/04/06 10:32:940532 DEBUG timeout! - EPollPoller.cc:49
2025/04/06 10:32:940575 INFO  fd total count:1 - EPollPoller.cc:32
2025/04/06 10:32:940558 INFO  fd total count:1 - EPollPoller.cc:32
2025/04/06 10:32:965992 DEBUG timeout! - EPollPoller.cc:49
2025/04/06 10:32:966030 INFO  fd total count:1 - EPollPoller.cc:32
2025/04/06 10:32:183179 DEBUG timeout! - EPollPoller.cc:49
2025/04/06 10:32:183222 INFO  fd total count:4 - EPollPoller.cc:32
2025/04/06 10:32:949081 DEBUG timeout! - EPollPoller.cc:49
2025/04/06 10:32:949117 INFO  fd total count:1 - EPollPoller.cc:32
2025/04/06 10:32:950527 DEBUG timeout! - EPollPoller.cc:49
2025/04/06 10:32:950543 INFO  fd total count:1 - EPollPoller.cc:32
2025/04/06 10:32:967361 DEBUG timeout! - EPollPoller.cc:49
2025/04/06 10:32:967399 INFO  fd total count:1 - EPollPoller.cc:32
2025/04/06 10:32:183542 DEBUG timeout! - EPollPoller.cc:49
2025/04/06 10:32:183579 INFO  fd total count:4 - EPollPoller.cc:32
2025/04/06 10:32:950360 DEBUG timeout! - EPollPoller.cc:49
2025/04/06 10:32:950396 INFO  fd total count:1 - EPollPoller.cc:32
2025/04/06 10:32:960410 DEBUG timeout! - EPollPoller.cc:49
2025/04/06 10:32:960459 INFO  fd total count:1 - EPollPoller.cc:32
2025/04/06 10:32:978036 DEBUG timeout! - EPollPoller.cc:49
2025/04/06 10:32:978067 INFO  fd total count:1 - EPollPoller.cc:32
2025/04/06 10:33:187300 DEBUG timeout! - EPollPoller.cc:49
2025/04/06 10:33:187337 INFO  fd total count:4 - EPollPoller.cc:32
2025/04/06 10:33:959202 DEBUG timeout! - EPollPoller.cc:49
2025/04/06 10:33:959237 INFO  fd total count:1 - EPollPoller.cc:32
2025/04/06 10:33:964221 DEBUG timeout! - EPollPoller.cc:49
2025/04/06 10:33:964251 INFO  fd total count:1 - EPollPoller.cc:32
2025/04/06 10:33:988302 DEBUG timeout! - EPollPoller.cc:49
2025/04/06 10:33:988336 INFO  fd total count:1 - EPollPoller.cc:32
2025/04/06 10:33:197454 DEBUG timeout! - EPollPoller.cc:49
2025/04/06 10:33:197489 INFO  fd total count:4 - EPollPoller.cc:32
2025/04/06 10:33:967253 DEBUG timeout! - EPollPoller.cc:49
2025/04/06 10:33:967287 DEBUG timeout! - EPollPoller.cc:49
2025/04/06 10:33:967304 INFO  fd total count:1 - EPollPoller.cc:32
2025/04/06 10:33:967292 INFO  fd total count:1 - EPollPoller.cc:32
2025/04/06 10:33:997542 DEBUG timeout! - EPollPoller.cc:49
2025/04/06 10:33:997579 INFO  fd total count:1 - EPollPoller.cc:32
2025/04/06 10:33:202586 DEBUG timeout! - EPollPoller.cc:49
2025/04/06 10:33:202624 INFO  fd total count:4 - EPollPoller.cc:32
2025/04/06 10:33:970549 DEBUG timeout! - EPollPoller.cc:49
2025/04/06 10:33:970585 INFO  fd total count:1 - EPollPoller.cc:32
2025/04/06 10:33:977460 DEBUG timeout! - EPollPoller.cc:49
2025/04/06 10:33:977495 INFO  fd total count:1 - EPollPoller.cc:32
2025/04/06 10:33:007486 DEBUG timeout! - EPollPoller.cc:49
2025/04/06 10:33:007521 INFO  fd total count:1 - EPollPoller.cc:32
2025/04/06 10:33:207252 DEBUG timeout! - EPollPoller.cc:49
2025/04/06 10:33:207288 INFO  fd total count:4 - EPollPoller.cc:32
2025/04/06 10:33:980936 DEBUG timeout! - EPollPoller.cc:49
2025/04/06 10:33:980969 INFO  fd total count:1 - EPollPoller.cc:32
2025/04/06 10:33:987881 DEBUG timeout! - EPollPoller.cc:49
2025/04/06 10:33:987946 INFO  fd total count:1 - EPollPoller.cc:32
2025/04/06 10:33:017628 DEBUG timeout! - EPollPoller.cc:49
2025/04/06 10:33:017663 INFO  fd total count:1 - EPollPoller.cc:32
2025/04/06 10:33:207519 DEBUG timeout! - EPollPoller.cc:49
2025/04/06 10:33:207549 INFO  fd total count:4 - EPollPoller.cc:32
2025/04/06 10:33:991042 DEBUG timeout! - EPollPoller.cc:49
2025/04/06 10:33:991078 INFO  fd total count:1 - EPollPoller.cc:32
2025/04/06 10:33:991080 DEBUG timeout! - EPollPoller.cc:49
2025/04/06 10:33:991096 INFO  fd total count:1 - EPollPoller.cc:32
2025/04/06 10:33:028188 DEBUG timeout! - EPollPoller.cc:49
2025/04/06 10:33:028215 INFO  fd total count:1 - EPollPoller.cc:32
2025/04/06 10:33:208355 DEBUG timeout! - EPollPoller.cc:49
2025/04/06 10:33:208392 INFO  fd total count:4 - EPollPoller.cc:32
2025/04/06 10:33:997064 DEBUG timeout! - EPollPoller.cc:49
2025/04/06 10:33:997099 INFO  fd total count:1 - EPollPoller.cc:32
2025/04/06 10:33:001590 DEBUG timeout! - EPollPoller.cc:49
2025/04/06 10:33:001603 INFO  fd total count:1 - EPollPoller.cc:32
2025/04/06 10:33:038713 DEBUG timeout! - EPollPoller.cc:49
2025/04/06 10:33:038750 INFO  fd total count:1 - EPollPoller.cc:32
2025/04/06 10:34:211657 DEBUG timeout! - EPollPoller.cc:49
2025/04/06 10:34:211693 INFO  fd total count:4 - EPollPoller.cc:32
2025/04/06 10:34:006295 DEBUG timeout! - EPollPoller.cc:49
2025/04/06 10:34:006298 DEBUG timeout! - EPollPoller.cc:49
2025/04/06 10:34:006342 INFO  fd total count:1 - EPollPoller.cc:32
2025/04/06 10:34:006367 INFO  fd total count:1 - EPollPoller.cc:32
2025/04/06 10:34:048014 DEBUG timeout! - EPollPoller.cc:49
2025/04/06 10:34:048074 INFO  fd total count:1 - EPollPoller.cc:32
2025/04/06 10:34:214594 DEBUG timeout! - EPollPoller.cc:49
2025/04/06 10:34:214632 INFO  fd total count:4 - EPollPoller.cc:32
2025/04/06 10:34:007918 DEBUG timeout! - EPollPoller.cc:49
2025/04/06 10:34:007969 INFO  fd total count:1 - EPollPoller.cc:32
2025/04/06 10:34:009883 DEBUG timeout! - EPollPoller.cc:49
2025/04/06 10:34:009905 INFO  fd total count:1 - EPollPoller.cc:32
2025/04/06 10:34:051589 DEBUG timeout! - EPollPoller.cc:49
2025/04/06 10:34:051627 INFO  fd total count:1 - EPollPoller.cc:32
2025/04/06 10:34:225122 DEBUG timeout! - EPollPoller.cc:49
2025/04/06 10:34:225159 INFO  fd total count:4 - EPollPoller.cc:32
2025/04/06 10:34:018048 DEBUG timeout! - EPollPoller.cc:49
2025/04/06 10:34:018085 INFO  fd total count:1 - EPollPoller.cc:32
2025/04/06 10:34:019559 DEBUG timeout! - EPollPoller.cc:49
2025/04/06 10:34:019577 INFO  fd total count:1 - EPollPoller.cc:32
2025/04/06 10:34:061224 DEBUG timeout! - EPollPoller.cc:49
2025/04/06 10:34:061263 INFO  fd total count:1 - EPollPoller.cc:32
2025/04/06 10:34:235656 DEBUG timeout! - EPollPoller.cc:49
2025/04/06 10:34:235691 INFO  fd total count:4 - EPollPoller.cc:32
2025/04/06 10:34:018573 DEBUG timeout! - EPollPoller.cc:49
2025/04/06 10:34:018609 INFO  fd total count:1 - EPollPoller.cc:32
2025/04/06 10:34:026362 DEBUG timeout! - EPollPoller.cc:49
2025/04/06 10:34:026390 INFO  fd total count:1 - EPollPoller.cc:32
2025/04/06 10:34:071746 DEBUG timeout! - EPollPoller.cc:49
2025/04/06 10:34:071779 INFO  fd total count:1 - EPollPoller.cc:32
2025/04/06 10:34:245169 DEBUG timeout! - EPollPoller.cc:49
2025/04/06 10:34:245203 INFO  fd total count:4 - EPollPoller.cc:32
2025/04/06 10:34:025322 DEBUG timeout! - EPollPoller.cc:49
2025/04/06 10:34:025360 INFO  fd total count:1 - EPollPoller.cc:32
2025/04/06 10:34:036833 DEBUG timeout! - EPollPoller.cc:49
2025/04/06 10:34:036851 INFO  fd total count:1 - EPollPoller.cc:32
2025/04/06 10:34:078749 DEBUG timeout! - EPollPoller.cc:49
2025/04/06 10:34:078792 INFO  fd total count:1 - EPollPoller.cc:32
2025/04/06 10:34:255581 DEBUG timeout! - EPollPoller.cc:49
2025/04/06 10:34:255618 INFO  fd total count:4 - EPollPoller.cc:32
2025/04/06 10:34:029208 DEBUG timeout! - EPollPoller.cc:49
2025/04/06 10:34:029247 INFO  fd total count:1 - EPollPoller.cc:32
2025/04/06 10:34:038759 DEBUG timeout! - EPollPoller.cc:49
2025/04/06 10:34:038790 INFO  fd total count:1 - EPollPoller.cc:32
2025/04/06 10:34:079826 DEBUG timeout! - EPollPoller.cc:49
2025/04/06 10:34:079863 INFO  fd total count:1 - EPollPoller.cc:32
2025/04/06 10:35:257571 DEBUG timeout! - EPollPoller.cc:49
2025/04/06 10:35:257605 INFO  fd total count:4 - EPollPoller.cc:32
2025/04/06 10:35:033860 DEBUG timeout! - EPollPoller.cc:49
2025/04/06 10:35:033895 INFO  fd total count:1 - EPollPoller.cc:32
2025/04/06 10:35:046464 DEBUG timeout! - EPollPoller.cc:49
2025/04/06 10:35:046496 INFO  fd total count:1 - EPollPoller.cc:32
2025/04/06 10:35:085875 DEBUG timeout! - EPollPoller.cc:49
2025/04/06 10:35:085911 INFO  fd total count:1 - EPollPoller.cc:32
2025/04/06 10:35:261260 DEBUG timeout! - EPollPoller.cc:49
2025/04/06 10:35:261297 INFO  fd total count:4 - EPollPoller.cc:32
2025/04/06 10:35:034602 DEBUG timeout! - EPollPoller.cc:49
2025/04/06 10:35:034658 INFO  fd total count:1 - EPollPoller.cc:32
2025/04/06 10:35:052853 DEBUG timeout! - EPollPoller.cc:49
2025/04/06 10:35:052889 INFO  fd total count:1 - EPollPoller.cc:32
2025/04/06 10:35:087037 DEBUG timeout! - EPollPoller.cc:49
2025/04/06 10:35:087074 INFO  fd total count:1 - EPollPoller.cc:32
2025/04/06 10:35:271142 DEBUG timeout! - EPollPoller.cc:49
2025/04/06 10:35:271172 INFO  fd total count:4 - EPollPoller.cc:32
2025/04/06 10:35:044294 DEBUG timeout! - EPollPoller.cc:49
2025/04/06 10:35:044323 INFO  fd total count:1 - EPollPoller.cc:32
2025/04/06 10:35:054210 DEBUG timeout! - EPollPoller.cc:49
2025/04/06 10:35:054238 INFO  fd total count:1 - EPollPoller.cc:32
2025/04/06 10:35:094354 DEBUG timeout! - EPollPoller.cc:49
2025/04/06 10:35:094391 INFO  fd total count:1 - EPollPoller.cc:32
2025/04/06 10:35:276867 DEBUG timeout! - EPollPoller.cc:49
2025/04/06 10:35:276904 INFO  fd total count:4 - EPollPoller.cc:32
2025/04/06 10:35:054757 DEBUG timeout! - EPollPoller.cc:49
2025/04/06 10:35:054793 INFO  fd total count:1 - EPollPoller.cc:32
2025/04/06 10:35:064490 DEBUG timeout! - EPollPoller.cc:49
2025/04/06 10:35:064513 INFO  fd total count:1 - EPollPoller.cc:32
2025/04/06 10:35:104361 DEBUG timeout! - EPollPoller.cc:49
2025/04/06 10:35:104398 INFO  fd total count:1 - EPollPoller.cc:32
2025/04/06 10:35:287107 DEBUG timeout! - EPollPoller.cc:49
2025/04/06 10:35:287145 INFO  fd total count:4 - EPollPoller.cc:32
2025/04/06 10:35:064984 DEBUG timeout! - EPollPoller.cc:49
2025/04/06 10:35:065022 INFO  fd total count:1 - EPollPoller.cc:32
2025/04/06 10:35:065164 DEBUG timeout! - EPollPoller.cc:49
2025/04/06 10:35:065176 INFO  fd total count:1 - EPollPoller.cc:32
2025/04/06 10:35:114517 DEBUG timeout! - EPollPoller.cc:49
2025/04/06 10:35:114555 INFO  fd total count:1 - EPollPoller.cc:32
2025/04/06 10:35:297444 DEBUG timeout! - EPollPoller.cc:49
2025/04/06 10:35:297491 INFO  fd total count:4 - EPollPoller.cc:32
2025/04/06 10:35:065382 DEBUG timeout! - EPollPoller.cc:49
2025/04/06 10:35:065416 INFO  fd total count:1 - EPollPoller.cc:32
2025/04/06 10:35:071006 DEBUG timeout! - EPollPoller.cc:49
2025/04/06 10:35:071019 INFO  fd total count:1 - EPollPoller.cc:32
2025/04/06 10:35:115058 DEBUG timeout! - EPollPoller.cc:49
2025/04/06 10:35:115088 INFO  fd total count:1 - EPollPoller.cc:32
2025/04/06 10:36:303109 DEBUG timeout! - EPollPoller.cc:49
2025/04/06 10:36:303145 INFO  fd total count:4 - EPollPoller.cc:32
2025/04/06 10:36:065890 DEBUG timeout! - EPollPoller.cc:49
2025/04/06 10:36:065918 INFO  fd total count:1 - EPollPoller.cc:32
2025/04/06 10:36:079384 DEBUG timeout! - EPollPoller.cc:49
2025/04/06 10:36:079419 INFO  fd total count:1 - EPollPoller.cc:32
2025/04/06 10:36:125436 DEBUG timeout! - EPollPoller.cc:49
2025/04/06 10:36:125472 INFO  fd total count:1 - EPollPoller.cc:32
2025/04/06 10:36:303382 DEBUG timeout! - EPollPoller.cc:49
2025/04/06 10:36:303421 INFO  fd total count:4 - EPollPoller.cc:32
2025/04/06 10:36:071563 DEBUG timeout! - EPollPoller.cc:49
2025/04/06 10:36:071599 INFO  fd total count:1 - EPollPoller.cc:32
2025/04/06 10:36:088619 DEBUG timeout! - EPollPoller.cc:49
2025/04/06 10:36:088656 INFO  fd total count:1 - EPollPoller.cc:32
2025/04/06 10:36:135584 DEBUG timeout! - EPollPoller.cc:49
2025/04/06 10:36:135614 INFO  fd total count:1 - EPollPoller.cc:32
2025/04/06 10:36:313945 DEBUG timeout! - EPollPoller.cc:49
2025/04/06 10:36:313982 INFO  fd total count:4 - EPollPoller.cc:32
2025/04/06 10:36:081411 DEBUG timeout! - EPollPoller.cc:49
2025/04/06 10:36:081443 INFO  fd total count:1 - EPollPoller.cc:32
2025/04/06 10:36:098510 DEBUG timeout! - EPollPoller.cc:49
2025/04/06 10:36:098545 INFO  fd total count:1 - EPollPoller.cc:32
2025/04/06 10:36:145664 DEBUG timeout! - EPollPoller.cc:49
2025/04/06 10:36:145700 INFO  fd total count:1 - EPollPoller.cc:32
2025/04/06 10:36:324394 DEBUG timeout! - EPollPoller.cc:49
2025/04/06 10:36:324431 INFO  fd total count:4 - EPollPoller.cc:32
2025/04/06 10:36:091857 DEBUG timeout! - EPollPoller.cc:49
2025/04/06 10:36:091894 INFO  fd total count:1 - EPollPoller.cc:32
2025/04/06 10:36:102672 DEBUG timeout! - EPollPoller.cc:49
2025/04/06 10:36:102690 INFO  fd total count:1 - EPollPoller.cc:32
2025/04/06 10:36:155954 DEBUG timeout! - EPollPoller.cc:49
2025/04/06 10:36:155992 INFO  fd total count:1 - EPollPoller.cc:32
2025/04/06 10:36:334620 DEBUG timeout! - EPollPoller.cc:49
2025/04/06 10:36:334707 INFO  fd total count:4 - EPollPoller.cc:32
2025/04/06 10:36:100532 DEBUG timeout! - EPollPoller.cc:49
2025/04/06 10:36:100566 INFO  fd total count:1 - EPollPoller.cc:32
2025/04/06 10:36:113092 DEBUG timeout! - EPollPoller.cc:49
2025/04/06 10:36:113114 INFO  fd total count:1 - EPollPoller.cc:32
2025/04/06 10:36:166090 DEBUG timeout! - EPollPoller.cc:49
2025/04/06 10:36:166127 INFO  fd total count:1 - EPollPoller.cc:32
2025/04/06 10:36:344944 DEBUG timeout! - EPollPoller.cc:49
2025/04/06 10:36:344980 INFO  fd total count:4 - EPollPoller.cc:32
2025/04/06 10:36:110204 DEBUG timeout! - EPollPoller.cc:49
2025/04/06 10:36:110234 INFO  fd total count:1 - EPollPoller.cc:32
2025/04/06 10:36:123133 DEBUG timeout! - EPollPoller.cc:49
2025/04/06 10:36:123178 INFO  fd total count:1 - EPollPoller.cc:32
2025/04/06 10:36:176558 DEBUG timeout! - EPollPoller.cc:49
2025/04/06 10:36:176592 INFO  fd total count:1 - EPollPoller.cc:32
2025/04/06 10:37:354376 DEBUG timeout! - EPollPoller.cc:49
2025/04/06 10:37:354411 INFO  fd total count:4 - EPollPoller.cc:32
2025/04/06 10:37:120778 DEBUG timeout! - EPollPoller.cc:49
2025/04/06 10:37:120814 INFO  fd total count:1 - EPollPoller.cc:32
2025/04/06 10:37:124132 DEBUG timeout! - EPollPoller.cc:49
2025/04/06 10:37:124147 INFO  fd total count:1 - EPollPoller.cc:32
2025/04/06 10:37:187133 DEBUG timeout! - EPollPoller.cc:49
2025/04/06 10:37:187169 INFO  fd total count:1 - EPollPoller.cc:32
2025/04/06 10:37:364512 DEBUG timeout! - EPollPoller.cc:49
2025/04/06 10:37:364542 INFO  fd total count:4 - EPollPoller.cc:32
2025/04/06 10:37:127885 DEBUG timeout! - EPollPoller.cc:49
2025/04/06 10:37:127916 INFO  fd total count:1 - EPollPoller.cc:32
2025/04/06 10:37:131394 DEBUG timeout! - EPollPoller.cc:49
2025/04/06 10:37:131412 INFO  fd total count:1 - EPollPoller.cc:32
2025/04/06 10:37:189390 DEBUG timeout! - EPollPoller.cc:49
2025/04/06 10:37:189422 INFO  fd total count:1 - EPollPoller.cc:32
2025/04/06 10:37:374723 DEBUG timeout! - EPollPoller.cc:49
2025/04/06 10:37:374759 INFO  fd total count:4 - EPollPoller.cc:32
2025/04/06 10:37:138138 DEBUG timeout! - EPollPoller.cc:49
2025/04/06 10:37:138165 INFO  fd total count:1 - EPollPoller.cc:32
2025/04/06 10:37:141708 DEBUG timeout! - EPollPoller.cc:49
2025/04/06 10:37:141723 INFO  fd total count:1 - EPollPoller.cc:32
2025/04/06 10:37:196406 DEBUG timeout! - EPollPoller.cc:49
2025/04/06 10:37:196454 INFO  fd total count:1 - EPollPoller.cc:32
2025/04/06 10:37:384974 DEBUG timeout! - EPollPoller.cc:49
2025/04/06 10:37:385010 INFO  fd total count:4 - EPollPoller.cc:32
2025/04/06 10:37:147157 DEBUG timeout! - EPollPoller.cc:49
2025/04/06 10:37:147186 INFO  fd total count:1 - EPollPoller.cc:32
2025/04/06 10:37:150175 DEBUG timeout! - EPollPoller.cc:49
2025/04/06 10:37:150200 INFO  fd total count:1 - EPollPoller.cc:32
2025/04/06 10:37:206176 DEBUG timeout! - EPollPoller.cc:49
2025/04/06 10:37:206210 INFO  fd total count:1 - EPollPoller.cc:32
2025/04/06 10:37:395187 DEBUG timeout! - EPollPoller.cc:49
2025/04/06 10:37:395226 INFO  fd total count:4 - EPollPoller.cc:32
2025/04/06 10:37:157331 DEBUG timeout! - EPollPoller.cc:49
2025/04/06 10:37:157367 INFO  fd total count:1 - EPollPoller.cc:32
2025/04/06 10:37:158332 DEBUG timeout! - EPollPoller.cc:49
2025/04/06 10:37:158345 INFO  fd total count:1 - EPollPoller.cc:32
2025/04/06 10:37:216198 DEBUG timeout! - EPollPoller.cc:49
2025/04/06 10:37:216235 INFO  fd total count:1 - EPollPoller.cc:32
2025/04/06 10:37:395500 DEBUG timeout! - EPollPoller.cc:49
2025/04/06 10:37:395537 INFO  fd total count:4 - EPollPoller.cc:32
2025/04/06 10:37:159985 DEBUG timeout! - EPollPoller.cc:49
2025/04/06 10:37:160016 INFO  fd total count:1 - EPollPoller.cc:32
2025/04/06 10:37:166570 DEBUG timeout! - EPollPoller.cc:49
2025/04/06 10:37:166592 INFO  fd total count:1 - EPollPoller.cc:32
2025/04/06 10:37:218532 DEBUG timeout! - EPollPoller.cc:49
2025/04/06 10:37:218569 INFO  fd total count:1 - EPollPoller.cc:32
2025/04/06 10:38:402941 DEBUG timeout! - EPollPoller.cc:49
2025/04/06 10:38:402976 INFO  fd total count:4 - EPollPoller.cc:32
2025/04/06 10:38:160487 DEBUG timeout! - EPollPoller.cc:49
2025/04/06 10:38:160535 INFO  fd total count:1 - EPollPoller.cc:32
2025/04/06 10:38:167422 DEBUG timeout! - EPollPoller.cc:49
2025/04/06 10:38:167452 INFO  fd total count:1 - EPollPoller.cc:32
2025/04/06 10:38:228485 DEBUG timeout! - EPollPoller.cc:49
2025/04/06 10:38:228523 INFO  fd total count:1 - EPollPoller.cc:32
2025/04/06 10:38:403092 DEBUG timeout! - EPollPoller.cc:49
2025/04/06 10:38:403130 INFO  fd total count:4 - EPollPoller.cc:32
2025/04/06 10:38:170965 DEBUG timeout! - EPollPoller.cc:49
2025/04/06 10:38:171004 INFO  fd total count:1 - EPollPoller.cc:32
2025/04/06 10:38:176453 DEBUG timeout! - EPollPoller.cc:49
2025/04/06 10:38:176476 INFO  fd total count:1 - EPollPoller.cc:32
2025/04/06 10:38:231508 DEBUG timeout! - EPollPoller.cc:49
2025/04/06 10:38:231556 INFO  fd total count:1 - EPollPoller.cc:32
2025/04/06 10:38:405299 DEBUG timeout! - EPollPoller.cc:49
2025/04/06 10:38:405338 INFO  fd total count:4 - EPollPoller.cc:32
2025/04/06 10:38:178669 DEBUG timeout! - EPollPoller.cc:49
2025/04/06 10:38:178706 INFO  fd total count:1 - EPollPoller.cc:32
2025/04/06 10:38:181108 DEBUG timeout! - EPollPoller.cc:49
2025/04/06 10:38:181125 INFO  fd total count:1 - EPollPoller.cc:32
2025/04/06 10:38:240672 DEBUG timeout! - EPollPoller.cc:49
2025/04/06 10:38:240706 INFO  fd total count:1 - EPollPoller.cc:32
2025/04/06 10:38:411244 DEBUG timeout! - EPollPoller.cc:49
2025/04/06 10:38:411280 INFO  fd total count:4 - EPollPoller.cc:32
2025/04/06 10:38:181406 DEBUG timeout! - EPollPoller.cc:49
2025/04/06 10:38:181442 INFO  fd total count:1 - EPollPoller.cc:32
2025/04/06 10:38:191596 DEBUG timeout! - EPollPoller.cc:49
2025/04/06 10:38:191660 INFO  fd total count:1 - EPollPoller.cc:32
2025/04/06 10:38:241896 DEBUG timeout! - EPollPoller.cc:49
2025/04/06 10:38:241932 INFO  fd total count:1 - EPollPoller.cc:32
2025/04/06 10:38:412995 DEBUG timeout! - EPollPoller.cc:49
2025/04/06 10:38:413035 INFO  fd total count:4 - EPollPoller.cc:32
2025/04/06 10:38:188233 DEBUG timeout! - EPollPoller.cc:49
2025/04/06 10:38:188270 INFO  fd total count:1 - EPollPoller.cc:32
2025/04/06 10:38:202089 DEBUG timeout! - EPollPoller.cc:49
2025/04/06 10:38:202116 INFO  fd total count:1 - EPollPoller.cc:32
2025/04/06 10:38:243200 DEBUG timeout! - EPollPoller.cc:49
2025/04/06 10:38:243236 INFO  fd total count:1 - EPollPoller.cc:32
2025/04/06 10:38:413573 DEBUG timeout! - EPollPoller.cc:49
2025/04/06 10:38:413603 INFO  fd total count:4 - EPollPoller.cc:32
2025/04/06 10:38:198560 DEBUG timeout! - EPollPoller.cc:49
2025/04/06 10:38:198619 INFO  fd total count:1 - EPollPoller.cc:32
2025/04/06 10:38:203128 DEBUG timeout! - EPollPoller.cc:49
2025/04/06 10:38:203144 INFO  fd total count:1 - EPollPoller.cc:32
2025/04/06 10:38:248347 DEBUG timeout! - EPollPoller.cc:49
2025/04/06 10:38:248381 INFO  fd total count:1 - EPollPoller.cc:32
2025/04/06 10:39:414113 DEBUG timeout! - EPollPoller.cc:49
2025/04/06 10:39:414173 INFO  fd total count:4 - EPollPoller.cc:32
2025/04/06 10:39:203558 DEBUG timeout! - EPollPoller.cc:49
2025/04/06 10:39:203592 INFO  fd total count:1 - EPollPoller.cc:32
2025/04/06 10:39:208010 DEBUG timeout! - EPollPoller.cc:49
2025/04/06 10:39:208029 INFO  fd total count:1 - EPollPoller.cc:32
2025/04/06 10:39:251382 DEBUG timeout! - EPollPoller.cc:49
2025/04/06 10:39:251416 INFO  fd total count:1 - EPollPoller.cc:32
2025/04/06 10:39:415577 DEBUG timeout! - EPollPoller.cc:49
2025/04/06 10:39:415611 INFO  fd total count:4 - EPollPoller.cc:32
2025/04/06 10:39:210020 DEBUG timeout! - EPollPoller.cc:49
2025/04/06 10:39:210061 INFO  fd total count:1 - EPollPoller.cc:32
2025/04/06 10:39:215963 DEBUG timeout! - EPollPoller.cc:49
2025/04/06 10:39:215981 INFO  fd total count:1 - EPollPoller.cc:32
2025/04/06 10:39:261429 DEBUG timeout! - EPollPoller.cc:49
2025/04/06 10:39:261465 INFO  fd total count:1 - EPollPoller.cc:32
2025/04/06 10:39:426039 DEBUG timeout! - EPollPoller.cc:49
2025/04/06 10:39:426092 INFO  fd total count:4 - EPollPoller.cc:32
2025/04/06 10:39:220486 DEBUG timeout! - EPollPoller.cc:49
2025/04/06 10:39:220518 INFO  fd total count:1 - EPollPoller.cc:32
2025/04/06 10:39:225521 DEBUG timeout! - EPollPoller.cc:49
2025/04/06 10:39:225538 INFO  fd total count:1 - EPollPoller.cc:32
2025/04/06 10:39:270963 DEBUG timeout! - EPollPoller.cc:49
2025/04/06 10:39:270993 INFO  fd total count:1 - EPollPoller.cc:32
2025/04/06 10:39:431326 DEBUG timeout! - EPollPoller.cc:49
2025/04/06 10:39:431357 INFO  fd total count:4 - EPollPoller.cc:32
2025/04/06 10:39:226977 DEBUG timeout! - EPollPoller.cc:49
2025/04/06 10:39:227013 INFO  fd total count:1 - EPollPoller.cc:32
2025/04/06 10:39:228956 DEBUG timeout! - EPollPoller.cc:49
2025/04/06 10:39:228972 INFO  fd total count:1 - EPollPoller.cc:32
2025/04/06 10:39:281493 DEBUG timeout! - EPollPoller.cc:49
2025/04/06 10:39:281531 INFO  fd total count:1 - EPollPoller.cc:32
2025/04/06 10:39:437750 DEBUG timeout! - EPollPoller.cc:49
2025/04/06 10:39:437781 INFO  fd total count:4 - EPollPoller.cc:32
2025/04/06 10:39:229040 DEBUG timeout! - EPollPoller.cc:49
2025/04/06 10:39:229076 INFO  fd total count:1 - EPollPoller.cc:32
2025/04/06 10:39:233012 DEBUG timeout! - EPollPoller.cc:49
2025/04/06 10:39:233028 INFO  fd total count:1 - EPollPoller.cc:32
2025/04/06 10:39:290800 DEBUG timeout! - EPollPoller.cc:49
2025/04/06 10:39:290839 INFO  fd total count:1 - EPollPoller.cc:32
2025/04/06 10:39:447597 DEBUG timeout! - EPollPoller.cc:49
2025/04/06 10:39:447635 INFO  fd total count:4 - EPollPoller.cc:32
2025/04/06 10:39:233494 DEBUG timeout! - EPollPoller.cc:49
2025/04/06 10:39:233530 INFO  fd total count:1 - EPollPoller.cc:32
2025/04/06 10:39:239416 DEBUG timeout! - EPollPoller.cc:49
2025/04/06 10:39:239434 INFO  fd total count:1 - EPollPoller.cc:32
2025/04/06 10:39:300807 DEBUG timeout! - EPollPoller.cc:49
2025/04/06 10:39:300836 INFO  fd total count:1 - EPollPoller.cc:32
2025/04/06 10:40:456448 DEBUG timeout! - EPollPoller.cc:49
2025/04/06 10:40:456487 INFO  fd total count:4 - EPollPoller.cc:32
2025/04/06 10:40:240384 DEBUG timeout! - EPollPoller.cc:49
2025/04/06 10:40:240413 INFO  fd total count:1 - EPollPoller.cc:32
2025/04/06 10:40:243841 DEBUG timeout! - EPollPoller.cc:49
2025/04/06 10:40:243859 INFO  fd total count:1 - EPollPoller.cc:32
2025/04/06 10:40:310517 DEBUG timeout! - EPollPoller.cc:49
2025/04/06 10:40:310556 INFO  fd total count:1 - EPollPoller.cc:32
2025/04/06 10:40:466252 DEBUG timeout! - EPollPoller.cc:49
2025/04/06 10:40:466283 INFO  fd total count:4 - EPollPoller.cc:32
2025/04/06 10:40:246457 DEBUG timeout! - EPollPoller.cc:49
2025/04/06 10:40:246495 INFO  fd total count:1 - EPollPoller.cc:32
2025/04/06 10:40:253918 DEBUG timeout! - EPollPoller.cc:49
2025/04/06 10:40:253938 INFO  fd total count:1 - EPollPoller.cc:32
2025/04/06 10:40:321003 DEBUG timeout! - EPollPoller.cc:49
2025/04/06 10:40:321041 INFO  fd total count:1 - EPollPoller.cc:32
2025/04/06 10:40:474965 DEBUG timeout! - EPollPoller.cc:49
2025/04/06 10:40:475001 INFO  fd total count:4 - EPollPoller.cc:32
2025/04/06 10:40:255440 DEBUG timeout! - EPollPoller.cc:49
2025/04/06 10:40:255476 INFO  fd total count:1 - EPollPoller.cc:32
2025/04/06 10:40:263687 DEBUG timeout! - EPollPoller.cc:49
2025/04/06 10:40:263708 INFO  fd total count:1 - EPollPoller.cc:32
2025/04/06 10:40:331111 DEBUG timeout! - EPollPoller.cc:49
2025/04/06 10:40:331328 INFO  fd total count:1 - EPollPoller.cc:32
2025/04/06 10:40:479006 DEBUG timeout! - EPollPoller.cc:49
2025/04/06 10:40:479044 INFO  fd total count:4 - EPollPoller.cc:32
2025/04/06 10:40:265935 DEBUG timeout! - EPollPoller.cc:49
2025/04/06 10:40:265971 INFO  fd total count:1 - EPollPoller.cc:32
2025/04/06 10:40:273435 DEBUG timeout! - EPollPoller.cc:49
2025/04/06 10:40:273453 INFO  fd total count:1 - EPollPoller.cc:32
2025/04/06 10:40:341381 DEBUG timeout! - EPollPoller.cc:49
2025/04/06 10:40:341408 INFO  fd total count:1 - EPollPoller.cc:32
2025/04/06 10:40:489540 DEBUG timeout! - EPollPoller.cc:49
2025/04/06 10:40:489579 INFO  fd total count:4 - EPollPoller.cc:32
2025/04/06 10:40:274646 DEBUG timeout! - EPollPoller.cc:49
2025/04/06 10:40:274683 INFO  fd total count:1 - EPollPoller.cc:32
2025/04/06 10:40:276115 DEBUG timeout! - EPollPoller.cc:49
2025/04/06 10:40:276132 INFO  fd total count:1 - EPollPoller.cc:32
2025/04/06 10:40:351512 DEBUG timeout! - EPollPoller.cc:49
2025/04/06 10:40:351551 INFO  fd total count:1 - EPollPoller.cc:32
2025/04/06 10:40:498323 DEBUG timeout! - EPollPoller.cc:49
2025/04/06 10:40:498364 INFO  fd total count:4 - EPollPoller.cc:32
2025/04/06 10:40:284716 DEBUG timeout! - EPollPoller.cc:49
2025/04/06 10:40:284754 INFO  fd total count:1 - EPollPoller.cc:32
2025/04/06 10:40:286118 DEBUG timeout! - EPollPoller.cc:49
2025/04/06 10:40:286135 INFO  fd total count:1 - EPollPoller.cc:32
2025/04/06 10:40:362016 DEBUG timeout! - EPollPoller.cc:49
2025/04/06 10:40:362117 INFO  fd total count:1 - EPollPoller.cc:32
2025/04/06 10:41:503429 DEBUG timeout! - EPollPoller.cc:49
2025/04/06 10:41:503468 INFO  fd total count:4 - EPollPoller.cc:32
2025/04/06 10:41:289212 DEBUG timeout! - EPollPoller.cc:49
2025/04/06 10:41:289250 INFO  fd total count:1 - EPollPoller.cc:32
2025/04/06 10:41:295046 DEBUG timeout! - EPollPoller.cc:49
2025/04/06 10:41:295084 INFO  fd total count:1 - EPollPoller.cc:32
2025/04/06 10:41:363543 DEBUG timeout! - EPollPoller.cc:49
2025/04/06 10:41:363623 INFO  fd total count:1 - EPollPoller.cc:32
2025/04/06 10:41:513628 DEBUG timeout! - EPollPoller.cc:49
2025/04/06 10:41:513665 INFO  fd total count:4 - EPollPoller.cc:32
2025/04/06 10:41:299577 DEBUG timeout! - EPollPoller.cc:49
2025/04/06 10:41:299608 INFO  fd total count:1 - EPollPoller.cc:32
2025/04/06 10:41:305589 DEBUG timeout! - EPollPoller.cc:49
2025/04/06 10:41:305628 INFO  fd total count:1 - EPollPoller.cc:32
2025/04/06 10:41:374035 DEBUG timeout! - EPollPoller.cc:49
2025/04/06 10:41:374072 INFO  fd total count:1 - EPollPoller.cc:32
2025/04/06 10:41:523317 DEBUG timeout! - EPollPoller.cc:49
2025/04/06 10:41:523348 INFO  fd total count:4 - EPollPoller.cc:32
2025/04/06 10:41:308294 DEBUG timeout! - EPollPoller.cc:49
2025/04/06 10:41:308331 INFO  fd total count:1 - EPollPoller.cc:32
2025/04/06 10:41:315973 DEBUG timeout! - EPollPoller.cc:49
2025/04/06 10:41:315994 INFO  fd total count:1 - EPollPoller.cc:32
2025/04/06 10:41:384130 DEBUG timeout! - EPollPoller.cc:49
2025/04/06 10:41:384163 INFO  fd total count:1 - EPollPoller.cc:32
2025/04/06 10:41:525553 DEBUG timeout! - EPollPoller.cc:49
2025/04/06 10:41:525585 INFO  fd total count:4 - EPollPoller.cc:32
2025/04/06 10:41:311668 DEBUG timeout! - EPollPoller.cc:49
2025/04/06 10:41:311719 INFO  fd total count:1 - EPollPoller.cc:32
2025/04/06 10:41:317661 DEBUG timeout! - EPollPoller.cc:49
2025/04/06 10:41:317676 INFO  fd total count:1 - EPollPoller.cc:32
2025/04/06 10:41:394547 DEBUG timeout! - EPollPoller.cc:49
2025/04/06 10:41:394584 INFO  fd total count:1 - EPollPoller.cc:32
2025/04/06 10:41:525894 DEBUG timeout! - EPollPoller.cc:49
2025/04/06 10:41:525931 INFO  fd total count:4 - EPollPoller.cc:32
2025/04/06 10:41:312795 DEBUG timeout! - EPollPoller.cc:49
2025/04/06 10:41:312883 INFO  fd total count:1 - EPollPoller.cc:32
2025/04/06 10:41:323658 DEBUG timeout! - EPollPoller.cc:49
2025/04/06 10:41:323691 INFO  fd total count:1 - EPollPoller.cc:32
2025/04/06 10:41:395565 DEBUG timeout! - EPollPoller.cc:49
2025/04/06 10:41:395596 INFO  fd total count:1 - EPollPoller.cc:32
2025/04/06 10:41:528012 DEBUG timeout! - EPollPoller.cc:49
2025/04/06 10:41:528048 INFO  fd total count:4 - EPollPoller.cc:32
2025/04/06 10:41:322969 DEBUG timeout! - EPollPoller.cc:49
2025/04/06 10:41:323005 INFO  fd total count:1 - EPollPoller.cc:32
2025/04/06 10:41:330047 DEBUG timeout! - EPollPoller.cc:49
2025/04/06 10:41:330061 INFO  fd total count:1 - EPollPoller.cc:32
2025/04/06 10:41:401178 DEBUG timeout! - EPollPoller.cc:49
2025/04/06 10:41:401212 INFO  fd total count:1 - EPollPoller.cc:32
2025/04/06 10:42:538088 DEBUG timeout! - EPollPoller.cc:49
2025/04/06 10:42:538125 INFO  fd total count:4 - EPollPoller.cc:32
2025/04/06 10:42:333560 DEBUG timeout! - EPollPoller.cc:49
2025/04/06 10:42:333578 DEBUG timeout! - EPollPoller.cc:49
2025/04/06 10:42:333601 INFO  fd total count:1 - EPollPoller.cc:32
2025/04/06 10:42:333613 INFO  fd total count:1 - EPollPoller.cc:32
2025/04/06 10:42:411578 DEBUG timeout! - EPollPoller.cc:49
2025/04/06 10:42:411613 INFO  fd total count:1 - EPollPoller.cc:32
2025/04/06 10:42:548249 DEBUG timeout! - EPollPoller.cc:49
2025/04/06 10:42:548286 INFO  fd total count:4 - EPollPoller.cc:32
2025/04/06 10:42:338164 DEBUG timeout! - EPollPoller.cc:49
2025/04/06 10:42:338201 INFO  fd total count:1 - EPollPoller.cc:32
2025/04/06 10:42:343756 DEBUG timeout! - EPollPoller.cc:49
2025/04/06 10:42:343773 INFO  fd total count:1 - EPollPoller.cc:32
2025/04/06 10:42:421434 DEBUG timeout! - EPollPoller.cc:49
2025/04/06 10:42:421463 INFO  fd total count:1 - EPollPoller.cc:32
2025/04/06 10:42:558744 DEBUG timeout! - EPollPoller.cc:49
2025/04/06 10:42:558776 INFO  fd total count:4 - EPollPoller.cc:32
2025/04/06 10:42:343449 DEBUG timeout! - EPollPoller.cc:49
2025/04/06 10:42:343486 INFO  fd total count:1 - EPollPoller.cc:32
2025/04/06 10:42:346502 DEBUG timeout! - EPollPoller.cc:49
2025/04/06 10:42:346527 INFO  fd total count:1 - EPollPoller.cc:32
2025/04/06 10:42:422513 DEBUG timeout! - EPollPoller.cc:49
2025/04/06 10:42:422549 INFO  fd total count:1 - EPollPoller.cc:32
2025/04/06 10:42:564365 DEBUG timeout! - EPollPoller.cc:49
2025/04/06 10:42:564415 INFO  fd total count:4 - EPollPoller.cc:32
2025/04/06 10:42:345756 DEBUG timeout! - EPollPoller.cc:49
2025/04/06 10:42:345793 INFO  fd total count:1 - EPollPoller.cc:32
2025/04/06 10:42:356609 DEBUG timeout! - EPollPoller.cc:49
2025/04/06 10:42:356625 INFO  fd total count:1 - EPollPoller.cc:32
2025/04/06 10:42:423360 DEBUG timeout! - EPollPoller.cc:49
2025/04/06 10:42:423391 INFO  fd total count:1 - EPollPoller.cc:32
2025/04/06 10:42:567346 DEBUG timeout! - EPollPoller.cc:49
2025/04/06 10:42:567380 INFO  fd total count:4 - EPollPoller.cc:32
2025/04/06 10:42:356226 DEBUG timeout! - EPollPoller.cc:49
2025/04/06 10:42:356259 INFO  fd total count:1 - EPollPoller.cc:32
2025/04/06 10:42:367070 DEBUG timeout! - EPollPoller.cc:49
2025/04/06 10:42:367090 INFO  fd total count:1 - EPollPoller.cc:32
2025/04/06 10:42:433473 DEBUG timeout! - EPollPoller.cc:49
2025/04/06 10:42:433510 INFO  fd total count:1 - EPollPoller.cc:32
2025/04/06 10:42:577482 DEBUG timeout! - EPollPoller.cc:49
2025/04/06 10:42:577514 INFO  fd total count:4 - EPollPoller.cc:32
2025/04/06 10:42:364350 DEBUG timeout! - EPollPoller.cc:49
2025/04/06 10:42:364387 INFO  fd total count:1 - EPollPoller.cc:32
2025/04/06 10:42:377196 DEBUG timeout! - EPollPoller.cc:49
2025/04/06 10:42:377217 INFO  fd total count:1 - EPollPoller.cc:32
2025/04/06 10:42:436088 DEBUG timeout! - EPollPoller.cc:49
2025/04/06 10:42:436129 INFO  fd total count:1 - EPollPoller.cc:32
2025/04/06 10:43:587681 DEBUG timeout! - EPollPoller.cc:49
2025/04/06 10:43:587719 INFO  fd total count:4 - EPollPoller.cc:32
2025/04/06 10:43:374919 DEBUG timeout! - EPollPoller.cc:49
2025/04/06 10:43:374956 INFO  fd total count:1 - EPollPoller.cc:32
2025/04/06 10:43:387534 DEBUG timeout! - EPollPoller.cc:49
2025/04/06 10:43:387570 INFO  fd total count:1 - EPollPoller.cc:32
2025/04/06 10:43:446461 DEBUG timeout! - EPollPoller.cc:49
2025/04/06 10:43:446498 INFO  fd total count:1 - EPollPoller.cc:32
2025/04/06 10:43:588051 DEBUG timeout! - EPollPoller.cc:49
2025/04/06 10:43:588090 INFO  fd total count:4 - EPollPoller.cc:32
2025/04/06 10:43:378712 DEBUG timeout! - EPollPoller.cc:49
2025/04/06 10:43:378743 INFO  fd total count:1 - EPollPoller.cc:32
2025/04/06 10:43:397876 DEBUG timeout! - EPollPoller.cc:49
2025/04/06 10:43:397906 INFO  fd total count:1 - EPollPoller.cc:32
2025/04/06 10:43:456465 DEBUG timeout! - EPollPoller.cc:49
2025/04/06 10:43:456513 INFO  fd total count:1 - EPollPoller.cc:32
2025/04/06 10:43:588185 DEBUG timeout! - EPollPoller.cc:49
2025/04/06 10:43:588222 INFO  fd total count:4 - EPollPoller.cc:32
2025/04/06 10:43:385922 DEBUG timeout! - EPollPoller.cc:49
2025/04/06 10:43:385955 INFO  fd total count:1 - EPollPoller.cc:32
2025/04/06 10:43:405023 DEBUG timeout! - EPollPoller.cc:49
2025/04/06 10:43:405060 INFO  fd total count:1 - EPollPoller.cc:32
2025/04/06 10:43:463181 DEBUG timeout! - EPollPoller.cc:49
2025/04/06 10:43:463211 INFO  fd total count:1 - EPollPoller.cc:32
2025/04/06 10:43:598294 DEBUG timeout! - EPollPoller.cc:49
2025/04/06 10:43:598330 INFO  fd total count:4 - EPollPoller.cc:32
2025/04/06 10:43:396053 DEBUG timeout! - EPollPoller.cc:49
2025/04/06 10:43:396088 INFO  fd total count:1 - EPollPoller.cc:32
2025/04/06 10:43:415250 DEBUG timeout! - EPollPoller.cc:49
2025/04/06 10:43:415284 INFO  fd total count:1 - EPollPoller.cc:32
2025/04/06 10:43:464124 DEBUG timeout! - EPollPoller.cc:49
2025/04/06 10:43:464161 INFO  fd total count:1 - EPollPoller.cc:32
2025/04/06 10:43:608318 DEBUG timeout! - EPollPoller.cc:49
2025/04/06 10:43:608351 INFO  fd total count:4 - EPollPoller.cc:32
2025/04/06 10:43:403313 DEBUG timeout! - EPollPoller.cc:49
2025/04/06 10:43:403349 INFO  fd total count:1 - EPollPoller.cc:32
2025/04/06 10:43:417773 DEBUG timeout! - EPollPoller.cc:49
2025/04/06 10:43:417809 INFO  fd total count:1 - EPollPoller.cc:32
2025/04/06 10:43:469605 DEBUG timeout! - EPollPoller.cc:49
2025/04/06 10:43:469643 INFO  fd total count:1 - EPollPoller.cc:32
2025/04/06 10:43:613534 DEBUG timeout! - EPollPoller.cc:49
2025/04/06 10:43:613571 INFO  fd total count:4 - EPollPoller.cc:32
2025/04/06 10:43:413090 DEBUG timeout! - EPollPoller.cc:49
2025/04/06 10:43:413132 INFO  fd total count:1 - EPollPoller.cc:32
2025/04/06 10:43:426503 DEBUG timeout! - EPollPoller.cc:49
2025/04/06 10:43:426526 INFO  fd total count:1 - EPollPoller.cc:32
2025/04/06 10:43:479546 DEBUG timeout! - EPollPoller.cc:49
2025/04/06 10:43:479576 INFO  fd total count:1 - EPollPoller.cc:32
2025/04/06 10:44:615726 DEBUG timeout! - EPollPoller.cc:49
2025/04/06 10:44:615759 INFO  fd total count:4 - EPollPoller.cc:32
2025/04/06 10:44:422655 DEBUG timeout! - EPollPoller.cc:49
2025/04/06 10:44:422693 INFO  fd total count:1 - EPollPoller.cc:32
2025/04/06 10:44:436993 DEBUG timeout! - EPollPoller.cc:49
2025/04/06 10:44:437025 INFO  fd total count:1 - EPollPoller.cc:32
2025/04/06 10:44:487019 DEBUG timeout! - EPollPoller.cc:49
2025/04/06 10:44:487056 INFO  fd total count:1 - EPollPoller.cc:32
2025/04/06 10:44:625390 DEBUG timeout! - EPollPoller.cc:49
2025/04/06 10:44:625430 INFO  fd total count:4 - EPollPoller.cc:32
2025/04/06 10:44:433086 DEBUG timeout! - EPollPoller.cc:49
2025/04/06 10:44:433123 INFO  fd total count:1 - EPollPoller.cc:32
2025/04/06 10:44:437067 DEBUG timeout! - EPollPoller.cc:49
2025/04/06 10:44:437084 INFO  fd total count:1 - EPollPoller.cc:32
2025/04/06 10:44:497568 DEBUG timeout! - EPollPoller.cc:49
2025/04/06 10:44:497606 INFO  fd total count:1 - EPollPoller.cc:32
2025/04/06 10:44:635572 DEBUG timeout! - EPollPoller.cc:49
2025/04/06 10:44:635605 INFO  fd total count:4 - EPollPoller.cc:32
2025/04/06 10:44:438421 DEBUG timeout! - EPollPoller.cc:49
2025/04/06 10:44:438483 INFO  fd total count:1 - EPollPoller.cc:32
2025/04/06 10:44:443379 DEBUG timeout! - EPollPoller.cc:49
2025/04/06 10:44:443409 INFO  fd total count:1 - EPollPoller.cc:32
2025/04/06 10:44:507364 DEBUG timeout! - EPollPoller.cc:49
2025/04/06 10:44:507399 INFO  fd total count:1 - EPollPoller.cc:32
2025/04/06 10:44:645912 DEBUG timeout! - EPollPoller.cc:49
2025/04/06 10:44:645942 INFO  fd total count:4 - EPollPoller.cc:32
2025/04/06 10:44:448558 DEBUG timeout! - EPollPoller.cc:49
2025/04/06 10:44:448594 INFO  fd total count:1 - EPollPoller.cc:32
2025/04/06 10:44:453650 DEBUG timeout! - EPollPoller.cc:49
2025/04/06 10:44:453673 INFO  fd total count:1 - EPollPoller.cc:32
2025/04/06 10:44:514386 DEBUG timeout! - EPollPoller.cc:49
2025/04/06 10:44:514422 INFO  fd total count:1 - EPollPoller.cc:32
2025/04/06 10:44:655346 DEBUG timeout! - EPollPoller.cc:49
2025/04/06 10:44:655384 INFO  fd total count:4 - EPollPoller.cc:32
2025/04/06 10:44:454057 DEBUG timeout! - EPollPoller.cc:49
2025/04/06 10:44:454095 INFO  fd total count:1 - EPollPoller.cc:32
2025/04/06 10:44:457150 DEBUG timeout! - EPollPoller.cc:49
2025/04/06 10:44:457166 INFO  fd total count:1 - EPollPoller.cc:32
2025/04/06 10:44:521383 DEBUG timeout! - EPollPoller.cc:49
2025/04/06 10:44:521412 INFO  fd total count:1 - EPollPoller.cc:32
2025/04/06 10:44:665917 DEBUG timeout! - EPollPoller.cc:49
2025/04/06 10:44:665953 INFO  fd total count:4 - EPollPoller.cc:32
2025/04/06 10:44:454375 DEBUG timeout! - EPollPoller.cc:49
2025/04/06 10:44:454411 INFO  fd total count:1 - EPollPoller.cc:32
2025/04/06 10:44:457631 DEBUG timeout! - EPollPoller.cc:49
2025/04/06 10:44:457648 INFO  fd total count:1 - EPollPoller.cc:32
2025/04/06 10:44:531293 DEBUG timeout! - EPollPoller.cc:49
2025/04/06 10:44:531378 INFO  fd total count:1 - EPollPoller.cc:32
2025/04/06 10:45:667292 DEBUG timeout! - EPollPoller.cc:49
2025/04/06 10:45:667328 INFO  fd total count:4 - EPollPoller.cc:32
2025/04/06 10:45:464621 DEBUG timeout! - EPollPoller.cc:49
2025/04/06 10:45:464658 INFO  fd total count:1 - EPollPoller.cc:32
2025/04/06 10:45:465525 DEBUG timeout! - EPollPoller.cc:49
2025/04/06 10:45:465539 INFO  fd total count:1 - EPollPoller.cc:32
2025/04/06 10:45:533054 DEBUG timeout! - EPollPoller.cc:49
2025/04/06 10:45:533090 INFO  fd total count:1 - EPollPoller.cc:32
2025/04/06 10:45:673956 DEBUG timeout! - EPollPoller.cc:49
2025/04/06 10:45:673994 INFO  fd total count:4 - EPollPoller.cc:32
2025/04/06 10:45:468080 DEBUG timeout! - EPollPoller.cc:49
2025/04/06 10:45:468116 INFO  fd total count:1 - EPollPoller.cc:32
2025/04/06 10:45:474968 DEBUG timeout! - EPollPoller.cc:49
2025/04/06 10:45:474994 INFO  fd total count:1 - EPollPoller.cc:32
2025/04/06 10:45:538478 DEBUG timeout! - EPollPoller.cc:49
2025/04/06 10:45:538516 INFO  fd total count:1 - EPollPoller.cc:32
2025/04/06 10:45:675164 DEBUG timeout! - EPollPoller.cc:49
2025/04/06 10:45:675196 INFO  fd total count:4 - EPollPoller.cc:32
2025/04/06 10:45:469441 DEBUG timeout! - EPollPoller.cc:49
2025/04/06 10:45:469477 INFO  fd total count:1 - EPollPoller.cc:32
2025/04/06 10:45:485518 DEBUG timeout! - EPollPoller.cc:49
2025/04/06 10:45:485552 INFO  fd total count:1 - EPollPoller.cc:32
2025/04/06 10:45:539585 DEBUG timeout! - EPollPoller.cc:49
2025/04/06 10:45:539622 INFO  fd total count:1 - EPollPoller.cc:32
2025/04/06 10:45:680082 DEBUG timeout! - EPollPoller.cc:49
2025/04/06 10:45:680133 INFO  fd total count:4 - EPollPoller.cc:32
2025/04/06 10:45:479797 DEBUG timeout! - EPollPoller.cc:49
2025/04/06 10:45:479834 INFO  fd total count:1 - EPollPoller.cc:32
2025/04/06 10:45:488193 DEBUG timeout! - EPollPoller.cc:49
2025/04/06 10:45:488218 INFO  fd total count:1 - EPollPoller.cc:32
2025/04/06 10:45:550278 DEBUG timeout! - EPollPoller.cc:49
2025/04/06 10:45:550312 INFO  fd total count:1 - EPollPoller.cc:32
2025/04/06 10:45:690501 DEBUG timeout! - EPollPoller.cc:49
2025/04/06 10:45:690536 INFO  fd total count:4 - EPollPoller.cc:32
2025/04/06 10:45:486435 DEBUG timeout! - EPollPoller.cc:49
2025/04/06 10:45:486461 INFO  fd total count:1 - EPollPoller.cc:32
2025/04/06 10:45:498457 DEBUG timeout! - EPollPoller.cc:49
2025/04/06 10:45:498488 INFO  fd total count:1 - EPollPoller.cc:32
2025/04/06 10:45:560637 DEBUG timeout! - EPollPoller.cc:49
2025/04/06 10:45:560673 INFO  fd total count:1 - EPollPoller.cc:32
2025/04/06 10:45:700599 DEBUG timeout! - EPollPoller.cc:49
2025/04/06 10:45:700655 INFO  fd total count:4 - EPollPoller.cc:32
2025/04/06 10:45:496277 DEBUG timeout! - EPollPoller.cc:49
2025/04/06 10:45:496311 INFO  fd total count:1 - EPollPoller.cc:32
2025/04/06 10:45:508732 DEBUG timeout! - EPollPoller.cc:49
2025/04/06 10:45:508759 INFO  fd total count:1 - EPollPoller.cc:32
2025/04/06 10:45:561930 DEBUG timeout! - EPollPoller.cc:49
2025/04/06 10:45:561966 INFO  fd total count:1 - EPollPoller.cc:32
2025/04/06 10:46:701390 DEBUG timeout! - EPollPoller.cc:49
2025/04/06 10:46:701427 INFO  fd total count:4 - EPollPoller.cc:32
2025/04/06 10:46:499418 DEBUG timeout! - EPollPoller.cc:49
2025/04/06 10:46:499450 INFO  fd total count:1 - EPollPoller.cc:32
2025/04/06 10:46:518173 DEBUG timeout! - EPollPoller.cc:49
2025/04/06 10:46:518209 INFO  fd total count:1 - EPollPoller.cc:32
2025/04/06 10:46:567427 DEBUG timeout! - EPollPoller.cc:49
2025/04/06 10:46:567464 INFO  fd total count:1 - EPollPoller.cc:32
2025/04/06 10:46:711627 DEBUG timeout! - EPollPoller.cc:49
2025/04/06 10:46:711662 INFO  fd total count:4 - EPollPoller.cc:32
2025/04/06 10:46:505493 DEBUG timeout! - EPollPoller.cc:49
2025/04/06 10:46:505532 INFO  fd total count:1 - EPollPoller.cc:32
2025/04/06 10:46:528363 DEBUG timeout! - EPollPoller.cc:49
2025/04/06 10:46:528389 INFO  fd total count:1 - EPollPoller.cc:32
2025/04/06 10:46:573213 DEBUG timeout! - EPollPoller.cc:49
2025/04/06 10:46:573252 INFO  fd total count:1 - EPollPoller.cc:32
2025/04/06 10:46:721238 DEBUG timeout! - EPollPoller.cc:49
2025/04/06 10:46:721295 INFO  fd total count:4 - EPollPoller.cc:32
2025/04/06 10:46:508616 DEBUG timeout! - EPollPoller.cc:49
2025/04/06 10:46:508651 INFO  fd total count:1 - EPollPoller.cc:32
2025/04/06 10:46:536913 DEBUG timeout! - EPollPoller.cc:49
2025/04/06 10:46:536949 INFO  fd total count:1 - EPollPoller.cc:32
2025/04/06 10:46:583225 DEBUG timeout! - EPollPoller.cc:49
2025/04/06 10:46:583263 INFO  fd total count:1 - EPollPoller.cc:32
2025/04/06 10:46:721608 DEBUG timeout! - EPollPoller.cc:49
2025/04/06 10:46:721643 INFO  fd total count:4 - EPollPoller.cc:32
2025/04/06 10:46:509133 DEBUG timeout! - EPollPoller.cc:49
2025/04/06 10:46:509163 INFO  fd total count:1 - EPollPoller.cc:32
2025/04/06 10:46:547532 DEBUG timeout! - EPollPoller.cc:49
2025/04/06 10:46:547566 INFO  fd total count:1 - EPollPoller.cc:32
2025/04/06 10:46:592645 DEBUG timeout! - EPollPoller.cc:49
2025/04/06 10:46:592682 INFO  fd total count:1 - EPollPoller.cc:32
2025/04/06 10:46:731389 DEBUG timeout! - EPollPoller.cc:49
2025/04/06 10:46:731457 INFO  fd total count:4 - EPollPoller.cc:32
2025/04/06 10:46:510461 DEBUG timeout! - EPollPoller.cc:49
2025/04/06 10:46:510497 INFO  fd total count:1 - EPollPoller.cc:32
2025/04/06 10:46:557689 DEBUG timeout! - EPollPoller.cc:49
2025/04/06 10:46:557738 INFO  fd total count:1 - EPollPoller.cc:32
2025/04/06 10:46:594406 DEBUG timeout! - EPollPoller.cc:49
2025/04/06 10:46:594478 INFO  fd total count:1 - EPollPoller.cc:32
2025/04/06 10:46:738977 DEBUG timeout! - EPollPoller.cc:49
2025/04/06 10:46:739014 INFO  fd total count:4 - EPollPoller.cc:32
2025/04/06 10:46:520896 DEBUG timeout! - EPollPoller.cc:49
2025/04/06 10:46:520933 INFO  fd total count:1 - EPollPoller.cc:32
2025/04/06 10:46:567541 DEBUG timeout! - EPollPoller.cc:49
2025/04/06 10:46:567576 INFO  fd total count:1 - EPollPoller.cc:32
2025/04/06 10:46:603025 DEBUG timeout! - EPollPoller.cc:49
2025/04/06 10:46:603056 INFO  fd total count:1 - EPollPoller.cc:32
2025/04/06 10:47:749405 DEBUG timeout! - EPollPoller.cc:49
2025/04/06 10:47:749441 INFO  fd total count:4 - EPollPoller.cc:32
2025/04/06 10:47:521420 DEBUG timeout! - EPollPoller.cc:49
2025/04/06 10:47:521450 INFO  fd total count:1 - EPollPoller.cc:32
2025/04/06 10:47:577637 DEBUG timeout! - EPollPoller.cc:49
2025/04/06 10:47:577673 INFO  fd total count:1 - EPollPoller.cc:32
2025/04/06 10:47:613508 DEBUG timeout! - EPollPoller.cc:49
2025/04/06 10:47:613544 INFO  fd total count:1 - EPollPoller.cc:32
2025/04/06 10:47:759492 DEBUG timeout! - EPollPoller.cc:49
2025/04/06 10:47:759529 INFO  fd total count:4 - EPollPoller.cc:32
2025/04/06 10:47:531852 DEBUG timeout! - EPollPoller.cc:49
2025/04/06 10:47:531888 INFO  fd total count:1 - EPollPoller.cc:32
2025/04/06 10:47:584123 DEBUG timeout! - EPollPoller.cc:49
2025/04/06 10:47:584154 INFO  fd total count:1 - EPollPoller.cc:32
2025/04/06 10:47:618622 DEBUG timeout! - EPollPoller.cc:49
2025/04/06 10:47:618662 INFO  fd total count:1 - EPollPoller.cc:32
2025/04/06 10:47:767522 DEBUG timeout! - EPollPoller.cc:49
2025/04/06 10:47:767559 INFO  fd total count:4 - EPollPoller.cc:32
2025/04/06 10:47:542053 DEBUG timeout! - EPollPoller.cc:49
2025/04/06 10:47:542083 INFO  fd total count:1 - EPollPoller.cc:32
2025/04/06 10:47:585075 DEBUG timeout! - EPollPoller.cc:49
2025/04/06 10:47:585110 INFO  fd total count:1 - EPollPoller.cc:32
2025/04/06 10:47:629129 DEBUG timeout! - EPollPoller.cc:49
2025/04/06 10:47:629159 INFO  fd total count:1 - EPollPoller.cc:32
2025/04/06 10:47:768321 DEBUG timeout! - EPollPoller.cc:49
2025/04/06 10:47:768364 INFO  fd total count:4 - EPollPoller.cc:32
2025/04/06 10:47:551490 DEBUG timeout! - EPollPoller.cc:49
2025/04/06 10:47:551528 INFO  fd total count:1 - EPollPoller.cc:32
2025/04/06 10:47:595540 DEBUG timeout! - EPollPoller.cc:49
2025/04/06 10:47:595574 INFO  fd total count:1 - EPollPoller.cc:32
2025/04/06 10:47:639247 DEBUG timeout! - EPollPoller.cc:49
2025/04/06 10:47:639278 INFO  fd total count:1 - EPollPoller.cc:32
2025/04/06 10:47:775304 DEBUG timeout! - EPollPoller.cc:49
2025/04/06 10:47:775341 INFO  fd total count:4 - EPollPoller.cc:32
2025/04/06 10:47:552618 DEBUG timeout! - EPollPoller.cc:49
2025/04/06 10:47:552655 INFO  fd total count:1 - EPollPoller.cc:32
2025/04/06 10:47:605758 DEBUG timeout! - EPollPoller.cc:49
2025/04/06 10:47:605795 INFO  fd total count:1 - EPollPoller.cc:32
2025/04/06 10:47:647866 DEBUG timeout! - EPollPoller.cc:49
2025/04/06 10:47:647904 INFO  fd total count:1 - EPollPoller.cc:32
2025/04/06 10:47:785528 DEBUG timeout! - EPollPoller.cc:49
2025/04/06 10:47:785565 INFO  fd total count:4 - EPollPoller.cc:32
2025/04/06 10:47:563089 DEBUG timeout! - EPollPoller.cc:49
2025/04/06 10:47:563124 INFO  fd total count:1 - EPollPoller.cc:32
2025/04/06 10:47:612572 DEBUG timeout! - EPollPoller.cc:49
2025/04/06 10:47:612609 INFO  fd total count:1 - EPollPoller.cc:32
2025/04/06 10:47:658132 DEBUG timeout! - EPollPoller.cc:49
2025/04/06 10:47:658163 INFO  fd total count:1 - EPollPoller.cc:32
2025/04/06 10:48:792090 DEBUG timeout! - EPollPoller.cc:49
2025/04/06 10:48:792127 INFO  fd total count:4 - EPollPoller.cc:32
2025/04/06 10:48:573137 DEBUG timeout! - EPollPoller.cc:49
2025/04/06 10:48:573199 INFO  fd total count:1 - EPollPoller.cc:32
2025/04/06 10:48:622668 DEBUG timeout! - EPollPoller.cc:49
2025/04/06 10:48:622705 INFO  fd total count:1 - EPollPoller.cc:32
2025/04/06 10:48:661577 DEBUG timeout! - EPollPoller.cc:49
2025/04/06 10:48:661609 INFO  fd total count:1 - EPollPoller.cc:32
2025/04/06 10:48:792291 DEBUG timeout! - EPollPoller.cc:49
2025/04/06 10:48:792325 INFO  fd total count:4 - EPollPoller.cc:32
2025/04/06 10:48:583600 DEBUG timeout! - EPollPoller.cc:49
2025/04/06 10:48:583631 INFO  fd total count:1 - EPollPoller.cc:32
2025/04/06 10:48:624008 DEBUG timeout! - EPollPoller.cc:49
2025/04/06 10:48:624044 INFO  fd total count:1 - EPollPoller.cc:32
2025/04/06 10:48:671896 DEBUG timeout! - EPollPoller.cc:49
2025/04/06 10:48:671926 INFO  fd total count:1 - EPollPoller.cc:32
2025/04/06 10:48:802488 DEBUG timeout! - EPollPoller.cc:49
2025/04/06 10:48:802527 INFO  fd total count:4 - EPollPoller.cc:32
2025/04/06 10:48:584416 DEBUG timeout! - EPollPoller.cc:49
2025/04/06 10:48:584450 INFO  fd total count:1 - EPollPoller.cc:32
2025/04/06 10:48:625369 DEBUG timeout! - EPollPoller.cc:49
2025/04/06 10:48:625397 INFO  fd total count:1 - EPollPoller.cc:32
2025/04/06 10:48:672163 DEBUG timeout! - EPollPoller.cc:49
2025/04/06 10:48:672199 INFO  fd total count:1 - EPollPoller.cc:32
2025/04/06 10:48:812866 DEBUG timeout! - EPollPoller.cc:49
2025/04/06 10:48:812914 INFO  fd total count:4 - EPollPoller.cc:32
2025/04/06 10:48:590346 DEBUG timeout! - EPollPoller.cc:49
2025/04/06 10:48:590384 INFO  fd total count:1 - EPollPoller.cc:32
2025/04/06 10:48:635305 DEBUG timeout! - EPollPoller.cc:49
2025/04/06 10:48:635349 INFO  fd total count:1 - EPollPoller.cc:32
2025/04/06 10:48:682312 DEBUG timeout! - EPollPoller.cc:49
2025/04/06 10:48:682351 INFO  fd total count:1 - EPollPoller.cc:32
2025/04/06 10:48:823372 DEBUG timeout! - EPollPoller.cc:49
2025/04/06 10:48:823407 INFO  fd total count:4 - EPollPoller.cc:32
2025/04/06 10:48:593960 DEBUG timeout! - EPollPoller.cc:49
2025/04/06 10:48:594038 INFO  fd total count:1 - EPollPoller.cc:32
2025/04/06 10:48:643297 DEBUG timeout! - EPollPoller.cc:49
2025/04/06 10:48:643331 INFO  fd total count:1 - EPollPoller.cc:32
2025/04/06 10:48:683314 DEBUG timeout! - EPollPoller.cc:49
2025/04/06 10:48:683351 INFO  fd total count:1 - EPollPoller.cc:32
2025/04/06 10:48:823911 DEBUG timeout! - EPollPoller.cc:49
2025/04/06 10:48:823941 INFO  fd total count:4 - EPollPoller.cc:32
2025/04/06 10:48:604530 DEBUG timeout! - EPollPoller.cc:49
2025/04/06 10:48:604568 INFO  fd total count:1 - EPollPoller.cc:32
2025/04/06 10:48:648232 DEBUG timeout! - EPollPoller.cc:49
2025/04/06 10:48:648260 INFO  fd total count:1 - EPollPoller.cc:32
2025/04/06 10:48:693433 DEBUG timeout! - EPollPoller.cc:49
2025/04/06 10:48:693470 INFO  fd total count:1 - EPollPoller.cc:32
2025/04/06 10:49:834267 DEBUG timeout! - EPollPoller.cc:49
2025/04/06 10:49:834304 INFO  fd total count:4 - EPollPoller.cc:32
2025/04/06 10:49:605067 DEBUG timeout! - EPollPoller.cc:49
2025/04/06 10:49:605096 INFO  fd total count:1 - EPollPoller.cc:32
2025/04/06 10:49:658380 DEBUG timeout! - EPollPoller.cc:49
2025/04/06 10:49:658435 INFO  fd total count:1 - EPollPoller.cc:32
2025/04/06 10:49:693821 DEBUG timeout! - EPollPoller.cc:49
2025/04/06 10:49:693859 INFO  fd total count:1 - EPollPoller.cc:32
2025/04/06 10:49:844862 DEBUG timeout! - EPollPoller.cc:49
2025/04/06 10:49:844900 INFO  fd total count:4 - EPollPoller.cc:32
2025/04/06 10:49:615508 DEBUG timeout! - EPollPoller.cc:49
2025/04/06 10:49:615543 INFO  fd total count:1 - EPollPoller.cc:32
2025/04/06 10:49:659590 DEBUG timeout! - EPollPoller.cc:49
2025/04/06 10:49:659622 INFO  fd total count:1 - EPollPoller.cc:32
2025/04/06 10:49:704045 DEBUG timeout! - EPollPoller.cc:49
2025/04/06 10:49:704080 INFO  fd total count:1 - EPollPoller.cc:32
2025/04/06 10:49:849756 DEBUG timeout! - EPollPoller.cc:49
2025/04/06 10:49:849796 INFO  fd total count:4 - EPollPoller.cc:32
2025/04/06 10:49:625551 DEBUG timeout! - EPollPoller.cc:49
2025/04/06 10:49:625587 INFO  fd total count:1 - EPollPoller.cc:32
2025/04/06 10:49:669820 DEBUG timeout! - EPollPoller.cc:49
2025/04/06 10:49:669857 INFO  fd total count:1 - EPollPoller.cc:32
2025/04/06 10:49:714277 DEBUG timeout! - EPollPoller.cc:49
2025/04/06 10:49:714309 INFO  fd total count:1 - EPollPoller.cc:32
2025/04/06 10:49:850573 DEBUG timeout! - EPollPoller.cc:49
2025/04/06 10:49:850610 INFO  fd total count:4 - EPollPoller.cc:32
2025/04/06 10:49:626445 DEBUG timeout! - EPollPoller.cc:49
2025/04/06 10:49:626474 INFO  fd total count:1 - EPollPoller.cc:32
2025/04/06 10:49:679934 DEBUG timeout! - EPollPoller.cc:49
2025/04/06 10:49:679970 INFO  fd total count:1 - EPollPoller.cc:32
2025/04/06 10:49:716927 DEBUG timeout! - EPollPoller.cc:49
2025/04/06 10:49:716965 INFO  fd total count:1 - EPollPoller.cc:32
2025/04/06 10:49:856877 DEBUG timeout! - EPollPoller.cc:49
2025/04/06 10:49:856913 INFO  fd total count:4 - EPollPoller.cc:32
2025/04/06 10:49:627024 DEBUG timeout! - EPollPoller.cc:49
2025/04/06 10:49:627054 INFO  fd total count:1 - EPollPoller.cc:32
2025/04/06 10:49:690171 DEBUG timeout! - EPollPoller.cc:49
2025/04/06 10:49:690201 INFO  fd total count:1 - EPollPoller.cc:32
2025/04/06 10:49:719298 DEBUG timeout! - EPollPoller.cc:49
2025/04/06 10:49:719335 INFO  fd total count:1 - EPollPoller.cc:32
2025/04/06 10:49:857674 DEBUG timeout! - EPollPoller.cc:49
2025/04/06 10:49:857711 INFO  fd total count:4 - EPollPoller.cc:32
2025/04/06 10:49:633010 DEBUG timeout! - EPollPoller.cc:49
2025/04/06 10:49:633047 INFO  fd total count:1 - EPollPoller.cc:32
2025/04/06 10:49:700562 DEBUG timeout! - EPollPoller.cc:49
2025/04/06 10:49:700599 INFO  fd total count:1 - EPollPoller.cc:32
2025/04/06 10:49:729701 DEBUG timeout! - EPollPoller.cc:49
2025/04/06 10:49:729731 INFO  fd total count:1 - EPollPoller.cc:32
2025/04/06 10:50:858873 DEBUG timeout! - EPollPoller.cc:49
2025/04/06 10:50:858903 INFO  fd total count:4 - EPollPoller.cc:32
2025/04/06 10:50:635794 DEBUG timeout! - EPollPoller.cc:49
2025/04/06 10:50:635823 INFO  fd total count:1 - EPollPoller.cc:32
2025/04/06 10:50:710829 DEBUG timeout! - EPollPoller.cc:49
2025/04/06 10:50:710864 INFO  fd total count:1 - EPollPoller.cc:32
2025/04/06 10:50:737933 DEBUG timeout! - EPollPoller.cc:49
2025/04/06 10:50:737969 INFO  fd total count:1 - EPollPoller.cc:32
2025/04/06 10:50:868858 DEBUG timeout! - EPollPoller.cc:49
2025/04/06 10:50:868894 INFO  fd total count:4 - EPollPoller.cc:32
2025/04/06 10:50:646067 DEBUG timeout! - EPollPoller.cc:49
2025/04/06 10:50:646102 INFO  fd total count:1 - EPollPoller.cc:32
2025/04/06 10:50:720240 DEBUG timeout! - EPollPoller.cc:49
2025/04/06 10:50:720271 INFO  fd total count:1 - EPollPoller.cc:32
2025/04/06 10:50:741518 DEBUG timeout! - EPollPoller.cc:49
2025/04/06 10:50:741556 INFO  fd total count:1 - EPollPoller.cc:32
2025/04/06 10:50:879290 DEBUG timeout! - EPollPoller.cc:49
2025/04/06 10:50:879325 INFO  fd total count:4 - EPollPoller.cc:32
2025/04/06 10:50:651515 DEBUG timeout! - EPollPoller.cc:49
2025/04/06 10:50:651550 INFO  fd total count:1 - EPollPoller.cc:32
2025/04/06 10:50:730092 DEBUG timeout! - EPollPoller.cc:49
2025/04/06 10:50:730127 INFO  fd total count:1 - EPollPoller.cc:32
2025/04/06 10:50:741950 DEBUG timeout! - EPollPoller.cc:49
2025/04/06 10:50:741975 INFO  fd total count:1 - EPollPoller.cc:32
2025/04/06 10:50:879614 DEBUG timeout! - EPollPoller.cc:49
2025/04/06 10:50:879643 INFO  fd total count:4 - EPollPoller.cc:32
2025/04/06 10:50:656634 DEBUG timeout! - EPollPoller.cc:49
2025/04/06 10:50:656683 INFO  fd total count:1 - EPollPoller.cc:32
2025/04/06 10:50:740463 DEBUG timeout! - EPollPoller.cc:49
2025/04/06 10:50:740500 INFO  fd total count:1 - EPollPoller.cc:32
2025/04/06 10:50:752368 DEBUG timeout! - EPollPoller.cc:49
2025/04/06 10:50:752385 INFO  fd total count:1 - EPollPoller.cc:32
2025/04/06 10:50:879859 DEBUG timeout! - EPollPoller.cc:49
2025/04/06 10:50:879891 INFO  fd total count:4 - EPollPoller.cc:32
2025/04/06 10:50:665046 DEBUG timeout! - EPollPoller.cc:49
2025/04/06 10:50:665076 INFO  fd total count:1 - EPollPoller.cc:32
2025/04/06 10:50:750613 DEBUG timeout! - EPollPoller.cc:49
2025/04/06 10:50:750645 INFO  fd total count:1 - EPollPoller.cc:32
2025/04/06 10:50:761661 DEBUG timeout! - EPollPoller.cc:49
2025/04/06 10:50:761683 INFO  fd total count:1 - EPollPoller.cc:32
2025/04/06 10:50:884585 DEBUG timeout! - EPollPoller.cc:49
2025/04/06 10:50:884617 INFO  fd total count:4 - EPollPoller.cc:32
2025/04/06 10:50:672751 DEBUG timeout! - EPollPoller.cc:49
2025/04/06 10:50:672788 INFO  fd total count:1 - EPollPoller.cc:32
2025/04/06 10:50:761133 DEBUG timeout! - EPollPoller.cc:49
2025/04/06 10:50:761170 INFO  fd total count:1 - EPollPoller.cc:32
2025/04/06 10:50:766454 DEBUG timeout! - EPollPoller.cc:49
2025/04/06 10:50:766467 INFO  fd total count:1 - EPollPoller.cc:32
2025/04/06 10:51:885889 DEBUG timeout! - EPollPoller.cc:49
2025/04/06 10:51:885925 INFO  fd total count:4 - EPollPoller.cc:32
2025/04/06 10:51:678194 DEBUG timeout! - EPollPoller.cc:49
2025/04/06 10:51:678231 INFO  fd total count:1 - EPollPoller.cc:32
2025/04/06 10:51:762174 DEBUG timeout! - EPollPoller.cc:49
2025/04/06 10:51:762209 INFO  fd total count:1 - EPollPoller.cc:32
2025/04/06 10:51:771450 DEBUG timeout! - EPollPoller.cc:49
2025/04/06 10:51:771471 INFO  fd total count:1 - EPollPoller.cc:32
2025/04/06 10:51:889013 DEBUG timeout! - EPollPoller.cc:49
2025/04/06 10:51:889049 INFO  fd total count:4 - EPollPoller.cc:32
2025/04/06 10:51:688138 DEBUG timeout! - EPollPoller.cc:49
2025/04/06 10:51:688175 INFO  fd total count:1 - EPollPoller.cc:32
2025/04/06 10:51:771569 DEBUG timeout! - EPollPoller.cc:49
2025/04/06 10:51:771608 INFO  fd total count:1 - EPollPoller.cc:32
2025/04/06 10:51:772584 DEBUG timeout! - EPollPoller.cc:49
2025/04/06 10:51:772599 INFO  fd total count:1 - EPollPoller.cc:32
2025/04/06 10:51:889222 DEBUG timeout! - EPollPoller.cc:49
2025/04/06 10:51:889253 INFO  fd total count:4 - EPollPoller.cc:32
2025/04/06 10:51:689636 DEBUG timeout! - EPollPoller.cc:49
2025/04/06 10:51:689670 INFO  fd total count:1 - EPollPoller.cc:32
2025/04/06 10:51:772125 DEBUG timeout! - EPollPoller.cc:49
2025/04/06 10:51:772164 INFO  fd total count:1 - EPollPoller.cc:32
2025/04/06 10:51:782889 DEBUG timeout! - EPollPoller.cc:49
2025/04/06 10:51:782912 INFO  fd total count:1 - EPollPoller.cc:32
2025/04/06 10:51:899306 DEBUG timeout! - EPollPoller.cc:49
2025/04/06 10:51:899344 INFO  fd total count:4 - EPollPoller.cc:32
2025/04/06 10:51:699941 DEBUG timeout! - EPollPoller.cc:49
2025/04/06 10:51:699973 INFO  fd total count:1 - EPollPoller.cc:32
2025/04/06 10:51:772545 DEBUG timeout! - EPollPoller.cc:49
2025/04/06 10:51:772582 INFO  fd total count:1 - EPollPoller.cc:32
2025/04/06 10:51:793325 DEBUG timeout! - EPollPoller.cc:49
2025/04/06 10:51:793357 INFO  fd total count:1 - EPollPoller.cc:32
2025/04/06 10:51:909679 DEBUG timeout! - EPollPoller.cc:49
2025/04/06 10:51:909714 INFO  fd total count:4 - EPollPoller.cc:32
2025/04/06 10:51:706063 DEBUG timeout! - EPollPoller.cc:49
2025/04/06 10:51:706099 INFO  fd total count:1 - EPollPoller.cc:32
2025/04/06 10:51:782729 DEBUG timeout! - EPollPoller.cc:49
2025/04/06 10:51:782766 INFO  fd total count:1 - EPollPoller.cc:32
2025/04/06 10:51:802442 DEBUG timeout! - EPollPoller.cc:49
2025/04/06 10:51:802480 INFO  fd total count:1 - EPollPoller.cc:32
2025/04/06 10:51:920232 DEBUG timeout! - EPollPoller.cc:49
2025/04/06 10:51:920274 INFO  fd total count:4 - EPollPoller.cc:32
2025/04/06 10:51:716251 DEBUG timeout! - EPollPoller.cc:49
2025/04/06 10:51:716287 INFO  fd total count:1 - EPollPoller.cc:32
2025/04/06 10:51:792944 DEBUG timeout! - EPollPoller.cc:49
2025/04/06 10:51:792980 INFO  fd total count:1 - EPollPoller.cc:32
2025/04/06 10:51:811966 DEBUG timeout! - EPollPoller.cc:49
2025/04/06 10:51:812005 INFO  fd total count:1 - EPollPoller.cc:32
2025/04/06 10:52:923292 DEBUG timeout! - EPollPoller.cc:49
2025/04/06 10:52:923332 INFO  fd total count:4 - EPollPoller.cc:32
2025/04/06 10:52:719900 DEBUG timeout! - EPollPoller.cc:49
2025/04/06 10:52:719937 INFO  fd total count:1 - EPollPoller.cc:32
2025/04/06 10:52:802306 DEBUG timeout! - EPollPoller.cc:49
2025/04/06 10:52:802341 INFO  fd total count:1 - EPollPoller.cc:32
2025/04/06 10:52:821356 DEBUG timeout! - EPollPoller.cc:49
2025/04/06 10:52:821388 INFO  fd total count:1 - EPollPoller.cc:32
2025/04/06 10:52:933408 DEBUG timeout! - EPollPoller.cc:49
2025/04/06 10:52:933443 INFO  fd total count:4 - EPollPoller.cc:32
2025/04/06 10:52:726875 DEBUG timeout! - EPollPoller.cc:49
2025/04/06 10:52:726911 INFO  fd total count:1 - EPollPoller.cc:32
2025/04/06 10:52:812705 DEBUG timeout! - EPollPoller.cc:49
2025/04/06 10:52:812742 INFO  fd total count:1 - EPollPoller.cc:32
2025/04/06 10:52:831672 DEBUG timeout! - EPollPoller.cc:49
2025/04/06 10:52:831709 INFO  fd total count:1 - EPollPoller.cc:32
2025/04/06 10:52:937423 DEBUG timeout! - EPollPoller.cc:49
2025/04/06 10:52:937459 INFO  fd total count:4 - EPollPoller.cc:32
2025/04/06 10:52:736962 DEBUG timeout! - EPollPoller.cc:49
2025/04/06 10:52:737010 INFO  fd total count:1 - EPollPoller.cc:32
2025/04/06 10:52:823142 DEBUG timeout! - EPollPoller.cc:49
2025/04/06 10:52:823180 INFO  fd total count:1 - EPollPoller.cc:32
2025/04/06 10:52:837463 DEBUG timeout! - EPollPoller.cc:49
2025/04/06 10:52:837483 INFO  fd total count:1 - EPollPoller.cc:32
2025/04/06 10:52:947964 DEBUG timeout! - EPollPoller.cc:49
2025/04/06 10:52:948001 INFO  fd total count:4 - EPollPoller.cc:32
2025/04/06 10:52:741436 DEBUG timeout! - EPollPoller.cc:49
2025/04/06 10:52:741476 INFO  fd total count:1 - EPollPoller.cc:32
2025/04/06 10:52:833530 DEBUG timeout! - EPollPoller.cc:49
2025/04/06 10:52:833566 INFO  fd total count:1 - EPollPoller.cc:32
2025/04/06 10:52:847608 DEBUG timeout! - EPollPoller.cc:49
2025/04/06 10:52:847635 INFO  fd total count:1 - EPollPoller.cc:32
2025/04/06 10:52:951659 DEBUG timeout! - EPollPoller.cc:49
2025/04/06 10:52:951696 INFO  fd total count:4 - EPollPoller.cc:32
2025/04/06 10:52:751928 DEBUG timeout! - EPollPoller.cc:49
2025/04/06 10:52:752017 INFO  fd total count:1 - EPollPoller.cc:32
2025/04/06 10:52:844012 DEBUG timeout! - EPollPoller.cc:49
2025/04/06 10:52:844049 INFO  fd total count:1 - EPollPoller.cc:32
2025/04/06 10:52:852500 DEBUG timeout! - EPollPoller.cc:49
2025/04/06 10:52:852542 INFO  fd total count:1 - EPollPoller.cc:32
2025/04/06 10:52:962201 DEBUG timeout! - EPollPoller.cc:49
2025/04/06 10:52:962236 INFO  fd total count:4 - EPollPoller.cc:32
2025/04/06 10:52:762430 DEBUG timeout! - EPollPoller.cc:49
2025/04/06 10:52:762464 INFO  fd total count:1 - EPollPoller.cc:32
2025/04/06 10:52:845282 DEBUG timeout! - EPollPoller.cc:49
2025/04/06 10:52:845317 INFO  fd total count:1 - EPollPoller.cc:32
2025/04/06 10:52:857410 DEBUG timeout! - EPollPoller.cc:49
2025/04/06 10:52:857445 INFO  fd total count:1 - EPollPoller.cc:32
2025/04/06 10:53:972036 DEBUG timeout! - EPollPoller.cc:49
2025/04/06 10:53:972086 INFO  fd total count:4 - EPollPoller.cc:32
2025/04/06 10:53:765389 DEBUG timeout! - EPollPoller.cc:49
2025/04/06 10:53:765428 INFO  fd total count:1 - EPollPoller.cc:32
2025/04/06 10:53:852921 DEBUG timeout! - EPollPoller.cc:49
2025/04/06 10:53:852957 INFO  fd total count:1 - EPollPoller.cc:32
2025/04/06 10:53:867826 DEBUG timeout! - EPollPoller.cc:49
2025/04/06 10:53:867863 INFO  fd total count:1 - EPollPoller.cc:32
2025/04/06 10:53:974262 DEBUG timeout! - EPollPoller.cc:49
2025/04/06 10:53:974298 INFO  fd total count:4 - EPollPoller.cc:32
2025/04/06 10:53:775531 DEBUG timeout! - EPollPoller.cc:49
2025/04/06 10:53:775569 INFO  fd total count:1 - EPollPoller.cc:32
2025/04/06 10:53:855405 DEBUG timeout! - EPollPoller.cc:49
2025/04/06 10:53:855442 INFO  fd total count:1 - EPollPoller.cc:32
2025/04/06 10:53:869594 DEBUG timeout! - EPollPoller.cc:49
2025/04/06 10:53:869613 INFO  fd total count:1 - EPollPoller.cc:32
2025/04/06 10:53:976052 DEBUG timeout! - EPollPoller.cc:49
2025/04/06 10:53:976086 INFO  fd total count:4 - EPollPoller.cc:32
2025/04/06 10:53:778710 DEBUG timeout! - EPollPoller.cc:49
2025/04/06 10:53:778752 INFO  fd total count:1 - EPollPoller.cc:32
2025/04/06 10:53:856593 DEBUG timeout! - EPollPoller.cc:49
2025/04/06 10:53:856628 INFO  fd total count:1 - EPollPoller.cc:32
2025/04/06 10:53:876813 DEBUG timeout! - EPollPoller.cc:49
2025/04/06 10:53:876844 INFO  fd total count:1 - EPollPoller.cc:32
2025/04/06 10:53:986359 DEBUG timeout! - EPollPoller.cc:49
2025/04/06 10:53:986410 INFO  fd total count:4 - EPollPoller.cc:32
2025/04/06 10:53:788802 DEBUG timeout! - EPollPoller.cc:49
2025/04/06 10:53:788838 INFO  fd total count:1 - EPollPoller.cc:32
2025/04/06 10:53:866817 DEBUG timeout! - EPollPoller.cc:49
2025/04/06 10:53:866853 INFO  fd total count:1 - EPollPoller.cc:32
2025/04/06 10:53:877451 DEBUG timeout! - EPollPoller.cc:49
2025/04/06 10:53:877491 INFO  fd total count:1 - EPollPoller.cc:32
2025/04/06 10:53:992546 DEBUG timeout! - EPollPoller.cc:49
2025/04/06 10:53:992590 INFO  fd total count:4 - EPollPoller.cc:32
2025/04/06 10:53:790351 DEBUG timeout! - EPollPoller.cc:49
2025/04/06 10:53:790385 INFO  fd total count:1 - EPollPoller.cc:32
2025/04/06 10:53:875295 DEBUG timeout! - EPollPoller.cc:49
2025/04/06 10:53:875353 INFO  fd total count:1 - EPollPoller.cc:32
2025/04/06 10:53:878290 DEBUG timeout! - EPollPoller.cc:49
2025/04/06 10:53:878308 INFO  fd total count:1 - EPollPoller.cc:32
2025/04/06 10:53:993307 DEBUG timeout! - EPollPoller.cc:49
2025/04/06 10:53:993344 INFO  fd total count:4 - EPollPoller.cc:32
2025/04/06 10:53:800968 DEBUG timeout! - EPollPoller.cc:49
2025/04/06 10:53:801003 INFO  fd total count:1 - EPollPoller.cc:32
2025/04/06 10:53:885048 DEBUG timeout! - EPollPoller.cc:49
2025/04/06 10:53:885076 INFO  fd total count:1 - EPollPoller.cc:32
2025/04/06 10:53:885453 DEBUG timeout! - EPollPoller.cc:49
2025/04/06 10:53:885468 INFO  fd total count:1 - EPollPoller.cc:32
2025/04/06 10:54:003527 DEBUG timeout! - EPollPoller.cc:49
2025/04/06 10:54:003565 INFO  fd total count:4 - EPollPoller.cc:32
2025/04/06 10:54:807360 DEBUG timeout! - EPollPoller.cc:49
2025/04/06 10:54:807394 INFO  fd total count:1 - EPollPoller.cc:32
2025/04/06 10:54:886135 DEBUG timeout! - EPollPoller.cc:49
2025/04/06 10:54:886170 INFO  fd total count:1 - EPollPoller.cc:32
2025/04/06 10:54:895547 DEBUG timeout! - EPollPoller.cc:49
2025/04/06 10:54:895568 INFO  fd total count:1 - EPollPoller.cc:32
2025/04/06 10:54:007421 DEBUG timeout! - EPollPoller.cc:49
2025/04/06 10:54:007458 INFO  fd total count:4 - EPollPoller.cc:32
2025/04/06 10:54:814173 DEBUG timeout! - EPollPoller.cc:49
2025/04/06 10:54:814211 INFO  fd total count:1 - EPollPoller.cc:32
2025/04/06 10:54:895944 DEBUG timeout! - EPollPoller.cc:49
2025/04/06 10:54:895980 INFO  fd total count:1 - EPollPoller.cc:32
2025/04/06 10:54:896907 DEBUG timeout! - EPollPoller.cc:49
2025/04/06 10:54:896922 INFO  fd total count:1 - EPollPoller.cc:32
2025/04/06 10:54:007975 DEBUG timeout! - EPollPoller.cc:49
2025/04/06 10:54:008012 INFO  fd total count:4 - EPollPoller.cc:32
2025/04/06 10:54:820947 DEBUG timeout! - EPollPoller.cc:49
2025/04/06 10:54:820984 INFO  fd total count:1 - EPollPoller.cc:32
2025/04/06 10:54:901158 DEBUG timeout! - EPollPoller.cc:49
2025/04/06 10:54:901195 INFO  fd total count:1 - EPollPoller.cc:32
2025/04/06 10:54:907359 DEBUG timeout! - EPollPoller.cc:49
2025/04/06 10:54:907376 INFO  fd total count:1 - EPollPoller.cc:32
2025/04/06 10:54:018442 DEBUG timeout! - EPollPoller.cc:49
2025/04/06 10:54:018478 INFO  fd total count:4 - EPollPoller.cc:32
2025/04/06 10:54:831315 DEBUG timeout! - EPollPoller.cc:49
2025/04/06 10:54:831368 INFO  fd total count:1 - EPollPoller.cc:32
2025/04/06 10:54:903300 DEBUG timeout! - EPollPoller.cc:49
2025/04/06 10:54:903353 INFO  fd total count:1 - EPollPoller.cc:32
2025/04/06 10:54:907796 DEBUG timeout! - EPollPoller.cc:49
2025/04/06 10:54:907858 INFO  fd total count:1 - EPollPoller.cc:32
2025/04/06 10:54:028967 DEBUG timeout! - EPollPoller.cc:49
2025/04/06 10:54:029007 INFO  fd total count:4 - EPollPoller.cc:32
2025/04/06 10:54:841542 DEBUG timeout! - EPollPoller.cc:49
2025/04/06 10:54:841657 INFO  fd total count:1 - EPollPoller.cc:32
2025/04/06 10:54:911777 DEBUG timeout! - EPollPoller.cc:49
2025/04/06 10:54:911842 INFO  fd total count:1 - EPollPoller.cc:32
2025/04/06 10:54:917795 DEBUG timeout! - EPollPoller.cc:49
2025/04/06 10:54:917841 INFO  fd total count:1 - EPollPoller.cc:32
2025/04/06 10:54:039282 DEBUG timeout! - EPollPoller.cc:49
2025/04/06 10:54:039323 INFO  fd total count:4 - EPollPoller.cc:32
2025/04/06 10:54:843964 DEBUG timeout! - EPollPoller.cc:49
2025/04/06 10:54:844279 INFO  fd total count:1 - EPollPoller.cc:32
2025/04/06 10:54:912043 DEBUG timeout! - EPollPoller.cc:49
2025/04/06 10:54:912114 INFO  fd total count:1 - EPollPoller.cc:32
2025/04/06 10:54:928000 DEBUG timeout! - EPollPoller.cc:49
2025/04/06 10:54:928092 INFO  fd total count:1 - EPollPoller.cc:32
2025/04/06 10:55:049428 DEBUG timeout! - EPollPoller.cc:49
2025/04/06 10:55:049487 INFO  fd total count:4 - EPollPoller.cc:32
2025/04/06 10:55:850965 DEBUG timeout! - EPollPoller.cc:49
2025/04/06 10:55:851015 INFO  fd total count:1 - EPollPoller.cc:32
2025/04/06 10:55:914745 DEBUG timeout! - EPollPoller.cc:49
2025/04/06 10:55:914787 INFO  fd total count:1 - EPollPoller.cc:32
2025/04/06 10:55:928613 DEBUG timeout! - EPollPoller.cc:49
2025/04/06 10:55:928652 INFO  fd total count:1 - EPollPoller.cc:32
2025/04/06 10:55:059834 DEBUG timeout! - EPollPoller.cc:49
2025/04/06 10:55:059879 INFO  fd total count:4 - EPollPoller.cc:32
2025/04/06 10:55:861385 DEBUG timeout! - EPollPoller.cc:49
2025/04/06 10:55:861437 INFO  fd total count:1 - EPollPoller.cc:32
2025/04/06 10:55:924659 DEBUG timeout! - EPollPoller.cc:49
2025/04/06 10:55:924704 INFO  fd total count:1 - EPollPoller.cc:32
2025/04/06 10:55:939166 DEBUG timeout! - EPollPoller.cc:49
2025/04/06 10:55:939267 INFO  fd total count:1 - EPollPoller.cc:32
2025/04/06 10:55:061437 DEBUG timeout! - EPollPoller.cc:49
2025/04/06 10:55:061479 INFO  fd total count:4 - EPollPoller.cc:32
2025/04/06 10:55:871216 DEBUG timeout! - EPollPoller.cc:49
2025/04/06 10:55:871276 INFO  fd total count:1 - EPollPoller.cc:32
2025/04/06 10:55:935233 DEBUG timeout! - EPollPoller.cc:49
2025/04/06 10:55:935282 INFO  fd total count:1 - EPollPoller.cc:32
2025/04/06 10:55:946854 DEBUG timeout! - EPollPoller.cc:49
2025/04/06 10:55:946896 INFO  fd total count:1 - EPollPoller.cc:32
2025/04/06 10:55:062301 DEBUG timeout! - EPollPoller.cc:49
2025/04/06 10:55:062344 INFO  fd total count:4 - EPollPoller.cc:32
2025/04/06 10:55:878571 DEBUG timeout! - EPollPoller.cc:49
2025/04/06 10:55:878609 INFO  fd total count:1 - EPollPoller.cc:32
2025/04/06 10:55:935510 DEBUG timeout! - EPollPoller.cc:49
2025/04/06 10:55:935596 INFO  fd total count:1 - EPollPoller.cc:32
2025/04/06 10:55:947381 DEBUG timeout! - EPollPoller.cc:49
2025/04/06 10:55:947427 INFO  fd total count:1 - EPollPoller.cc:32
2025/04/06 10:55:063623 DEBUG timeout! - EPollPoller.cc:49
2025/04/06 10:55:063664 INFO  fd total count:4 - EPollPoller.cc:32
2025/04/06 10:55:889003 DEBUG timeout! - EPollPoller.cc:49
2025/04/06 10:55:889087 INFO  fd total count:1 - EPollPoller.cc:32
2025/04/06 10:55:941605 DEBUG timeout! - EPollPoller.cc:49
2025/04/06 10:55:941646 INFO  fd total count:1 - EPollPoller.cc:32
2025/04/06 10:55:951510 DEBUG timeout! - EPollPoller.cc:49
2025/04/06 10:55:951565 INFO  fd total count:1 - EPollPoller.cc:32
2025/04/06 10:55:064657 DEBUG timeout! - EPollPoller.cc:49
2025/04/06 10:55:064842 INFO  fd total count:4 - EPollPoller.cc:32
2025/04/06 10:55:899559 DEBUG timeout! - EPollPoller.cc:49
2025/04/06 10:55:899602 INFO  fd total count:1 - EPollPoller.cc:32
2025/04/06 10:55:962097 DEBUG timeout! - EPollPoller.cc:49
2025/04/06 10:55:962175 INFO  fd total count:1 - EPollPoller.cc:32
2025/04/06 10:55:962590 DEBUG timeout! - EPollPoller.cc:49
2025/04/06 10:55:962631 INFO  fd total count:1 - EPollPoller.cc:32
2025/04/06 10:56:065207 DEBUG timeout! - EPollPoller.cc:49
2025/04/06 10:56:065265 INFO  fd total count:4 - EPollPoller.cc:32
2025/04/06 10:56:909816 DEBUG timeout! - EPollPoller.cc:49
2025/04/06 10:56:909886 INFO  fd total count:1 - EPollPoller.cc:32
2025/04/06 10:56:963577 DEBUG timeout! - EPollPoller.cc:49
2025/04/06 10:56:963617 INFO  fd total count:1 - EPollPoller.cc:32
2025/04/06 10:56:972474 DEBUG timeout! - EPollPoller.cc:49
2025/04/06 10:56:972514 INFO  fd total count:1 - EPollPoller.cc:32
2025/04/06 10:56:071073 DEBUG timeout! - EPollPoller.cc:49
2025/04/06 10:56:071112 INFO  fd total count:4 - EPollPoller.cc:32
2025/04/06 10:56:919982 DEBUG timeout! - EPollPoller.cc:49
2025/04/06 10:56:920017 INFO  fd total count:1 - EPollPoller.cc:32
2025/04/06 10:56:970746 DEBUG timeout! - EPollPoller.cc:49
2025/04/06 10:56:970785 INFO  fd total count:1 - EPollPoller.cc:32
2025/04/06 10:56:982707 DEBUG timeout! - EPollPoller.cc:49
2025/04/06 10:56:982751 INFO  fd total count:1 - EPollPoller.cc:32
2025/04/06 10:56:075877 DEBUG timeout! - EPollPoller.cc:49
2025/04/06 10:56:075918 INFO  fd total count:4 - EPollPoller.cc:32
2025/04/06 10:56:929237 DEBUG timeout! - EPollPoller.cc:49
2025/04/06 10:56:929276 INFO  fd total count:1 - EPollPoller.cc:32
2025/04/06 10:56:980977 DEBUG timeout! - EPollPoller.cc:49
2025/04/06 10:56:981018 INFO  fd total count:1 - EPollPoller.cc:32
2025/04/06 10:56:987679 DEBUG timeout! - EPollPoller.cc:49
2025/04/06 10:56:987736 INFO  fd total count:1 - EPollPoller.cc:32
2025/04/06 10:56:086431 DEBUG timeout! - EPollPoller.cc:49
2025/04/06 10:56:086522 INFO  fd total count:4 - EPollPoller.cc:32
2025/04/06 10:56:939756 DEBUG timeout! - EPollPoller.cc:49
2025/04/06 10:56:939801 INFO  fd total count:1 - EPollPoller.cc:32
2025/04/06 10:56:987852 DEBUG timeout! - EPollPoller.cc:49
2025/04/06 10:56:987906 INFO  fd total count:1 - EPollPoller.cc:32
2025/04/06 10:56:992644 DEBUG timeout! - EPollPoller.cc:49
2025/04/06 10:56:992686 INFO  fd total count:1 - EPollPoller.cc:32
2025/04/06 10:56:096945 DEBUG timeout! - EPollPoller.cc:49
2025/04/06 10:56:097002 INFO  fd total count:4 - EPollPoller.cc:32
2025/04/06 10:56:949965 DEBUG timeout! - EPollPoller.cc:49
2025/04/06 10:56:950013 INFO  fd total count:1 - EPollPoller.cc:32
2025/04/06 10:56:997745 DEBUG timeout! - EPollPoller.cc:49
2025/04/06 10:56:997793 INFO  fd total count:1 - EPollPoller.cc:32
2025/04/06 10:56:997814 DEBUG timeout! - EPollPoller.cc:49
2025/04/06 10:56:997829 INFO  fd total count:1 - EPollPoller.cc:32
2025/04/06 10:56:097421 DEBUG timeout! - EPollPoller.cc:49
2025/04/06 10:56:097461 INFO  fd total count:4 - EPollPoller.cc:32
2025/04/06 10:56:959685 DEBUG timeout! - EPollPoller.cc:49
2025/04/06 10:56:959729 INFO  fd total count:1 - EPollPoller.cc:32
2025/04/06 10:56:998706 DEBUG timeout! - EPollPoller.cc:49
2025/04/06 10:56:998833 INFO  fd total count:1 - EPollPoller.cc:32
2025/04/06 10:57:007409 DEBUG timeout! - EPollPoller.cc:49
2025/04/06 10:57:007447 INFO  fd total count:1 - EPollPoller.cc:32
2025/04/06 10:57:098403 DEBUG timeout! - EPollPoller.cc:49
2025/04/06 10:57:098530 INFO  fd total count:4 - EPollPoller.cc:32
2025/04/06 10:57:962279 DEBUG timeout! - EPollPoller.cc:49
2025/04/06 10:57:962335 INFO  fd total count:1 - EPollPoller.cc:32
2025/04/06 10:57:002744 DEBUG timeout! - EPollPoller.cc:49
2025/04/06 10:57:002785 INFO  fd total count:1 - EPollPoller.cc:32
2025/04/06 10:57:017809 DEBUG timeout! - EPollPoller.cc:49
2025/04/06 10:57:017848 INFO  fd total count:1 - EPollPoller.cc:32
2025/04/06 10:57:108618 DEBUG timeout! - EPollPoller.cc:49
2025/04/06 10:57:108660 INFO  fd total count:4 - EPollPoller.cc:32
2025/04/06 10:57:967616 DEBUG timeout! - EPollPoller.cc:49
2025/04/06 10:57:967659 INFO  fd total count:1 - EPollPoller.cc:32
2025/04/06 10:57:012597 DEBUG timeout! - EPollPoller.cc:49
2025/04/06 10:57:012648 INFO  fd total count:1 - EPollPoller.cc:32
2025/04/06 10:57:025892 DEBUG timeout! - EPollPoller.cc:49
2025/04/06 10:57:025929 INFO  fd total count:1 - EPollPoller.cc:32
2025/04/06 10:57:109578 DEBUG timeout! - EPollPoller.cc:49
2025/04/06 10:57:109689 INFO  fd total count:4 - EPollPoller.cc:32
2025/04/06 10:57:969200 DEBUG timeout! - EPollPoller.cc:49
2025/04/06 10:57:969258 INFO  fd total count:1 - EPollPoller.cc:32
2025/04/06 10:57:022387 DEBUG timeout! - EPollPoller.cc:49
2025/04/06 10:57:022435 INFO  fd total count:1 - EPollPoller.cc:32
2025/04/06 10:57:036086 DEBUG timeout! - EPollPoller.cc:49
2025/04/06 10:57:036207 INFO  fd total count:1 - EPollPoller.cc:32
2025/04/06 10:57:119925 DEBUG timeout! - EPollPoller.cc:49
2025/04/06 10:57:119975 INFO  fd total count:4 - EPollPoller.cc:32
2025/04/06 10:57:979580 DEBUG timeout! - EPollPoller.cc:49
2025/04/06 10:57:979671 INFO  fd total count:1 - EPollPoller.cc:32
2025/04/06 10:57:029093 DEBUG timeout! - EPollPoller.cc:49
2025/04/06 10:57:029186 INFO  fd total count:1 - EPollPoller.cc:32
2025/04/06 10:57:046415 DEBUG timeout! - EPollPoller.cc:49
2025/04/06 10:57:046560 INFO  fd total count:1 - EPollPoller.cc:32
2025/04/06 10:57:130381 DEBUG timeout! - EPollPoller.cc:49
2025/04/06 10:57:130422 INFO  fd total count:4 - EPollPoller.cc:32
2025/04/06 10:57:990158 DEBUG timeout! - EPollPoller.cc:49
2025/04/06 10:57:990198 INFO  fd total count:1 - EPollPoller.cc:32
2025/04/06 10:57:030749 DEBUG timeout! - EPollPoller.cc:49
2025/04/06 10:57:030804 INFO  fd total count:1 - EPollPoller.cc:32
2025/04/06 10:57:054889 DEBUG timeout! - EPollPoller.cc:49
2025/04/06 10:57:054934 INFO  fd total count:1 - EPollPoller.cc:32
2025/04/06 10:57:135247 DEBUG timeout! - EPollPoller.cc:49
2025/04/06 10:57:135306 INFO  fd total count:4 - EPollPoller.cc:32
2025/04/06 10:58:000715 DEBUG timeout! - EPollPoller.cc:49
2025/04/06 10:58:000769 INFO  fd total count:1 - EPollPoller.cc:32
2025/04/06 10:58:040974 DEBUG timeout! - EPollPoller.cc:49
2025/04/06 10:58:041048 INFO  fd total count:1 - EPollPoller.cc:32
2025/04/06 10:58:065087 DEBUG timeout! - EPollPoller.cc:49
2025/04/06 10:58:065129 INFO  fd total count:1 - EPollPoller.cc:32
2025/04/06 10:58:145691 DEBUG timeout! - EPollPoller.cc:49
2025/04/06 10:58:145734 INFO  fd total count:4 - EPollPoller.cc:32
2025/04/06 10:58:002046 DEBUG timeout! - EPollPoller.cc:49
2025/04/06 10:58:002084 INFO  fd total count:1 - EPollPoller.cc:32
2025/04/06 10:58:048960 DEBUG timeout! - EPollPoller.cc:49
2025/04/06 10:58:049026 INFO  fd total count:1 - EPollPoller.cc:32
2025/04/06 10:58:066585 DEBUG timeout! - EPollPoller.cc:49
2025/04/06 10:58:066791 INFO  fd total count:1 - EPollPoller.cc:32
2025/04/06 10:58:156272 DEBUG timeout! - EPollPoller.cc:49
2025/04/06 10:58:156339 INFO  fd total count:4 - EPollPoller.cc:32
2025/04/06 10:58:012536 DEBUG timeout! - EPollPoller.cc:49
2025/04/06 10:58:012584 INFO  fd total count:1 - EPollPoller.cc:32
2025/04/06 10:58:059420 DEBUG timeout! - EPollPoller.cc:49
2025/04/06 10:58:059461 INFO  fd total count:1 - EPollPoller.cc:32
2025/04/06 10:58:070966 DEBUG timeout! - EPollPoller.cc:49
2025/04/06 10:58:071017 INFO  fd total count:1 - EPollPoller.cc:32
2025/04/06 10:58:163152 DEBUG timeout! - EPollPoller.cc:49
2025/04/06 10:58:163329 INFO  fd total count:4 - EPollPoller.cc:32
2025/04/06 10:58:014696 DEBUG timeout! - EPollPoller.cc:49
2025/04/06 10:58:014739 INFO  fd total count:1 - EPollPoller.cc:32
2025/04/06 10:58:059768 DEBUG timeout! - EPollPoller.cc:49
2025/04/06 10:58:059842 INFO  fd total count:1 - EPollPoller.cc:32
2025/04/06 10:58:081242 DEBUG timeout! - EPollPoller.cc:49
2025/04/06 10:58:081283 INFO  fd total count:1 - EPollPoller.cc:32
2025/04/06 10:58:168303 DEBUG timeout! - EPollPoller.cc:49
2025/04/06 10:58:168341 INFO  fd total count:4 - EPollPoller.cc:32
2025/04/06 10:58:021943 DEBUG timeout! - EPollPoller.cc:49
2025/04/06 10:58:022031 INFO  fd total count:1 - EPollPoller.cc:32
2025/04/06 10:58:069133 DEBUG timeout! - EPollPoller.cc:49
2025/04/06 10:58:069168 INFO  fd total count:1 - EPollPoller.cc:32
2025/04/06 10:58:090049 DEBUG timeout! - EPollPoller.cc:49
2025/04/06 10:58:090091 INFO  fd total count:1 - EPollPoller.cc:32
2025/04/06 10:58:169547 DEBUG timeout! - EPollPoller.cc:49
2025/04/06 10:58:169587 INFO  fd total count:4 - EPollPoller.cc:32
2025/04/06 10:58:022659 DEBUG timeout! - EPollPoller.cc:49
2025/04/06 10:58:022700 INFO  fd total count:1 - EPollPoller.cc:32
2025/04/06 10:58:069717 DEBUG timeout! - EPollPoller.cc:49
2025/04/06 10:58:069804 INFO  fd total count:1 - EPollPoller.cc:32
2025/04/06 10:58:090717 DEBUG timeout! - EPollPoller.cc:49
2025/04/06 10:58:090914 INFO  fd total count:1 - EPollPoller.cc:32
2025/04/06 10:58:180120 DEBUG timeout! - EPollPoller.cc:49
2025/04/06 10:58:180157 INFO  fd total count:4 - EPollPoller.cc:32
2025/04/06 10:59:024131 DEBUG timeout! - EPollPoller.cc:49
2025/04/06 10:59:024215 INFO  fd total count:1 - EPollPoller.cc:32
2025/04/06 10:59:080168 DEBUG timeout! - EPollPoller.cc:49
2025/04/06 10:59:080214 INFO  fd total count:1 - EPollPoller.cc:32
2025/04/06 10:59:101532 DEBUG timeout! - EPollPoller.cc:49
2025/04/06 10:59:101594 INFO  fd total count:1 - EPollPoller.cc:32
2025/04/06 10:59:189510 DEBUG timeout! - EPollPoller.cc:49
2025/04/06 10:59:189551 INFO  fd total count:4 - EPollPoller.cc:32
2025/04/06 10:59:029796 DEBUG timeout! - EPollPoller.cc:49
2025/04/06 10:59:029839 INFO  fd total count:1 - EPollPoller.cc:32
2025/04/06 10:59:090633 DEBUG timeout! - EPollPoller.cc:49
2025/04/06 10:59:090673 INFO  fd total count:1 - EPollPoller.cc:32
2025/04/06 10:59:111928 DEBUG timeout! - EPollPoller.cc:49
2025/04/06 10:59:111969 INFO  fd total count:1 - EPollPoller.cc:32
2025/04/06 10:59:196362 DEBUG timeout! - EPollPoller.cc:49
2025/04/06 10:59:196417 INFO  fd total count:4 - EPollPoller.cc:32
2025/04/06 10:59:032311 DEBUG timeout! - EPollPoller.cc:49
2025/04/06 10:59:032349 INFO  fd total count:1 - EPollPoller.cc:32
2025/04/06 10:59:101003 DEBUG timeout! - EPollPoller.cc:49
2025/04/06 10:59:101141 INFO  fd total count:1 - EPollPoller.cc:32
2025/04/06 10:59:122311 DEBUG timeout! - EPollPoller.cc:49
2025/04/06 10:59:122367 INFO  fd total count:1 - EPollPoller.cc:32
2025/04/06 10:59:198984 DEBUG timeout! - EPollPoller.cc:49
2025/04/06 10:59:199073 INFO  fd total count:4 - EPollPoller.cc:32
2025/04/06 10:59:032738 DEBUG timeout! - EPollPoller.cc:49
2025/04/06 10:59:032786 INFO  fd total count:1 - EPollPoller.cc:32
2025/04/06 10:59:111578 DEBUG timeout! - EPollPoller.cc:49
2025/04/06 10:59:111620 INFO  fd total count:1 - EPollPoller.cc:32
2025/04/06 10:59:132854 DEBUG timeout! - EPollPoller.cc:49
2025/04/06 10:59:132899 INFO  fd total count:1 - EPollPoller.cc:32
2025/04/06 10:59:207424 DEBUG timeout! - EPollPoller.cc:49
2025/04/06 10:59:207463 INFO  fd total count:4 - EPollPoller.cc:32
2025/04/06 10:59:043229 DEBUG timeout! - EPollPoller.cc:49
2025/04/06 10:59:043267 INFO  fd total count:1 - EPollPoller.cc:32
2025/04/06 10:59:111863 DEBUG timeout! - EPollPoller.cc:49
2025/04/06 10:59:111937 INFO  fd total count:1 - EPollPoller.cc:32
2025/04/06 10:59:134311 DEBUG timeout! - EPollPoller.cc:49
2025/04/06 10:59:134370 INFO  fd total count:1 - EPollPoller.cc:32
2025/04/06 10:59:211460 DEBUG timeout! - EPollPoller.cc:49
2025/04/06 10:59:211607 INFO  fd total count:4 - EPollPoller.cc:32
2025/04/06 10:59:047655 DEBUG timeout! - EPollPoller.cc:49
2025/04/06 10:59:047706 INFO  fd total count:1 - EPollPoller.cc:32
2025/04/06 10:59:115185 DEBUG timeout! - EPollPoller.cc:49
2025/04/06 10:59:115247 INFO  fd total count:1 - EPollPoller.cc:32
2025/04/06 10:59:144492 DEBUG timeout! - EPollPoller.cc:49
2025/04/06 10:59:144618 INFO  fd total count:1 - EPollPoller.cc:32
2025/04/06 10:59:222003 DEBUG timeout! - EPollPoller.cc:49
2025/04/06 10:59:222045 INFO  fd total count:4 - EPollPoller.cc:32
2025/04/06 11:00:052412 DEBUG timeout! - EPollPoller.cc:49
2025/04/06 11:00:052457 INFO  fd total count:1 - EPollPoller.cc:32
2025/04/06 11:00:125597 DEBUG timeout! - EPollPoller.cc:49
2025/04/06 11:00:125695 INFO  fd total count:1 - EPollPoller.cc:32
2025/04/06 11:00:154051 DEBUG timeout! - EPollPoller.cc:49
2025/04/06 11:00:154092 INFO  fd total count:1 - EPollPoller.cc:32
2025/04/06 11:00:230697 DEBUG timeout! - EPollPoller.cc:49
2025/04/06 11:00:230783 INFO  fd total count:4 - EPollPoller.cc:32
2025/04/06 11:00:054720 DEBUG timeout! - EPollPoller.cc:49
2025/04/06 11:00:054765 INFO  fd total count:1 - EPollPoller.cc:32
2025/04/06 11:00:126120 DEBUG timeout! - EPollPoller.cc:49
2025/04/06 11:00:126157 INFO  fd total count:1 - EPollPoller.cc:32
2025/04/06 11:00:154524 DEBUG timeout! - EPollPoller.cc:49
2025/04/06 11:00:154566 INFO  fd total count:1 - EPollPoller.cc:32
2025/04/06 11:00:234169 DEBUG timeout! - EPollPoller.cc:49
2025/04/06 11:00:234217 INFO  fd total count:4 - EPollPoller.cc:32
2025/04/06 11:00:064604 DEBUG timeout! - EPollPoller.cc:49
2025/04/06 11:00:064644 INFO  fd total count:1 - EPollPoller.cc:32
2025/04/06 11:00:130873 DEBUG timeout! - EPollPoller.cc:49
2025/04/06 11:00:130916 INFO  fd total count:1 - EPollPoller.cc:32
2025/04/06 11:00:164811 DEBUG timeout! - EPollPoller.cc:49
2025/04/06 11:00:164853 INFO  fd total count:1 - EPollPoller.cc:32
2025/04/06 11:00:235577 DEBUG timeout! - EPollPoller.cc:49
2025/04/06 11:00:235653 INFO  fd total count:4 - EPollPoller.cc:32
2025/04/06 11:00:074831 DEBUG timeout! - EPollPoller.cc:49
2025/04/06 11:00:074928 INFO  fd total count:1 - EPollPoller.cc:32
2025/04/06 11:00:131945 DEBUG timeout! - EPollPoller.cc:49
2025/04/06 11:00:132001 INFO  fd total count:1 - EPollPoller.cc:32
2025/04/06 11:00:175035 DEBUG timeout! - EPollPoller.cc:49
2025/04/06 11:00:175082 INFO  fd total count:1 - EPollPoller.cc:32
2025/04/06 11:00:243866 DEBUG timeout! - EPollPoller.cc:49
2025/04/06 11:00:243907 INFO  fd total count:4 - EPollPoller.cc:32
2025/04/06 11:00:076165 DEBUG timeout! - EPollPoller.cc:49
2025/04/06 11:00:076204 INFO  fd total count:1 - EPollPoller.cc:32
2025/04/06 11:00:132324 DEBUG timeout! - EPollPoller.cc:49
2025/04/06 11:00:132421 INFO  fd total count:1 - EPollPoller.cc:32
2025/04/06 11:00:184764 DEBUG timeout! - EPollPoller.cc:49
2025/04/06 11:00:184840 INFO  fd total count:1 - EPollPoller.cc:32
2025/04/06 11:00:247572 DEBUG timeout! - EPollPoller.cc:49
2025/04/06 11:00:247611 INFO  fd total count:4 - EPollPoller.cc:32
2025/04/06 11:00:080527 DEBUG timeout! - EPollPoller.cc:49
2025/04/06 11:00:080609 INFO  fd total count:1 - EPollPoller.cc:32
2025/04/06 11:00:142463 DEBUG timeout! - EPollPoller.cc:49
2025/04/06 11:00:142510 INFO  fd total count:1 - EPollPoller.cc:32
2025/04/06 11:00:194430 DEBUG timeout! - EPollPoller.cc:49
2025/04/06 11:00:194505 INFO  fd total count:1 - EPollPoller.cc:32
2025/04/06 11:00:258116 DEBUG timeout! - EPollPoller.cc:49
2025/04/06 11:00:258159 INFO  fd total count:4 - EPollPoller.cc:32
2025/04/06 11:01:090684 DEBUG timeout! - EPollPoller.cc:49
2025/04/06 11:01:090723 INFO  fd total count:1 - EPollPoller.cc:32
2025/04/06 11:01:143018 DEBUG timeout! - EPollPoller.cc:49
2025/04/06 11:01:143056 INFO  fd total count:1 - EPollPoller.cc:32
2025/04/06 11:01:195147 DEBUG timeout! - EPollPoller.cc:49
2025/04/06 11:01:195232 INFO  fd total count:1 - EPollPoller.cc:32
2025/04/06 11:01:268277 DEBUG timeout! - EPollPoller.cc:49
2025/04/06 11:01:268319 INFO  fd total count:4 - EPollPoller.cc:32
2025/04/06 11:01:100133 DEBUG timeout! - EPollPoller.cc:49
2025/04/06 11:01:100180 INFO  fd total count:1 - EPollPoller.cc:32
2025/04/06 11:01:153558 DEBUG timeout! - EPollPoller.cc:49
2025/04/06 11:01:153598 INFO  fd total count:1 - EPollPoller.cc:32
2025/04/06 11:01:200801 DEBUG timeout! - EPollPoller.cc:49
2025/04/06 11:01:200842 INFO  fd total count:1 - EPollPoller.cc:32
2025/04/06 11:01:278385 DEBUG timeout! - EPollPoller.cc:49
2025/04/06 11:01:278425 INFO  fd total count:4 - EPollPoller.cc:32
2025/04/06 11:01:110293 DEBUG timeout! - EPollPoller.cc:49
2025/04/06 11:01:110333 INFO  fd total count:1 - EPollPoller.cc:32
2025/04/06 11:01:159435 DEBUG timeout! - EPollPoller.cc:49
2025/04/06 11:01:159484 INFO  fd total count:1 - EPollPoller.cc:32
2025/04/06 11:01:210984 DEBUG timeout! - EPollPoller.cc:49
2025/04/06 11:01:211027 INFO  fd total count:1 - EPollPoller.cc:32
2025/04/06 11:01:288553 DEBUG timeout! - EPollPoller.cc:49
2025/04/06 11:01:288592 INFO  fd total count:4 - EPollPoller.cc:32
2025/04/06 11:01:120951 DEBUG timeout! - EPollPoller.cc:49
2025/04/06 11:01:120990 INFO  fd total count:1 - EPollPoller.cc:32
2025/04/06 11:01:161893 DEBUG timeout! - EPollPoller.cc:49
2025/04/06 11:01:161964 INFO  fd total count:1 - EPollPoller.cc:32
2025/04/06 11:01:211244 DEBUG timeout! - EPollPoller.cc:49
2025/04/06 11:01:211296 INFO  fd total count:1 - EPollPoller.cc:32
2025/04/06 11:01:298872 DEBUG timeout! - EPollPoller.cc:49
2025/04/06 11:01:298924 INFO  fd total count:4 - EPollPoller.cc:32
2025/04/06 11:01:131366 DEBUG timeout! - EPollPoller.cc:49
2025/04/06 11:01:131412 INFO  fd total count:1 - EPollPoller.cc:32
2025/04/06 11:01:167394 DEBUG timeout! - EPollPoller.cc:49
2025/04/06 11:01:167432 INFO  fd total count:1 - EPollPoller.cc:32
2025/04/06 11:01:219909 DEBUG timeout! - EPollPoller.cc:49
2025/04/06 11:01:219958 INFO  fd total count:1 - EPollPoller.cc:32
2025/04/06 11:01:309305 DEBUG timeout! - EPollPoller.cc:49
2025/04/06 11:01:309395 INFO  fd total count:4 - EPollPoller.cc:32
2025/04/06 11:01:141960 DEBUG timeout! - EPollPoller.cc:49
2025/04/06 11:01:142041 INFO  fd total count:1 - EPollPoller.cc:32
2025/04/06 11:01:177274 DEBUG timeout! - EPollPoller.cc:49
2025/04/06 11:01:177310 INFO  fd total count:1 - EPollPoller.cc:32
2025/04/06 11:01:220780 DEBUG timeout! - EPollPoller.cc:49
2025/04/06 11:01:220817 INFO  fd total count:1 - EPollPoller.cc:32
2025/04/06 11:01:319787 DEBUG timeout! - EPollPoller.cc:49
2025/04/06 11:01:319826 INFO  fd total count:4 - EPollPoller.cc:32
2025/04/06 11:02:152206 DEBUG timeout! - EPollPoller.cc:49
2025/04/06 11:02:152246 INFO  fd total count:1 - EPollPoller.cc:32
2025/04/06 11:02:186329 DEBUG timeout! - EPollPoller.cc:49
2025/04/06 11:02:186371 INFO  fd total count:1 - EPollPoller.cc:32
2025/04/06 11:02:231124 DEBUG timeout! - EPollPoller.cc:49
2025/04/06 11:02:231178 INFO  fd total count:1 - EPollPoller.cc:32
2025/04/06 11:02:325427 DEBUG timeout! - EPollPoller.cc:49
2025/04/06 11:02:325465 INFO  fd total count:4 - EPollPoller.cc:32
2025/04/06 11:02:162464 DEBUG timeout! - EPollPoller.cc:49
2025/04/06 11:02:162506 INFO  fd total count:1 - EPollPoller.cc:32
2025/04/06 11:02:196754 DEBUG timeout! - EPollPoller.cc:49
2025/04/06 11:02:196823 INFO  fd total count:1 - EPollPoller.cc:32
2025/04/06 11:02:241169 DEBUG timeout! - EPollPoller.cc:49
2025/04/06 11:02:241209 INFO  fd total count:1 - EPollPoller.cc:32
2025/04/06 11:02:335805 DEBUG timeout! - EPollPoller.cc:49
2025/04/06 11:02:335849 INFO  fd total count:4 - EPollPoller.cc:32
2025/04/06 11:02:163767 DEBUG timeout! - EPollPoller.cc:49
2025/04/06 11:02:163833 INFO  fd total count:1 - EPollPoller.cc:32
2025/04/06 11:02:207037 DEBUG timeout! - EPollPoller.cc:49
2025/04/06 11:02:207078 INFO  fd total count:1 - EPollPoller.cc:32
2025/04/06 11:02:246126 DEBUG timeout! - EPollPoller.cc:49
2025/04/06 11:02:246243 INFO  fd total count:1 - EPollPoller.cc:32
2025/04/06 11:02:341514 DEBUG timeout! - EPollPoller.cc:49
2025/04/06 11:02:341557 INFO  fd total count:4 - EPollPoller.cc:32
2025/04/06 11:02:172394 DEBUG timeout! - EPollPoller.cc:49
2025/04/06 11:02:172438 INFO  fd total count:1 - EPollPoller.cc:32
2025/04/06 11:02:208419 DEBUG timeout! - EPollPoller.cc:49
2025/04/06 11:02:208462 INFO  fd total count:1 - EPollPoller.cc:32
2025/04/06 11:02:247052 DEBUG timeout! - EPollPoller.cc:49
2025/04/06 11:02:247085 INFO  fd total count:1 - EPollPoller.cc:32
2025/04/06 11:02:348468 DEBUG timeout! - EPollPoller.cc:49
2025/04/06 11:02:348510 INFO  fd total count:4 - EPollPoller.cc:32
2025/04/06 11:02:182534 DEBUG timeout! - EPollPoller.cc:49
2025/04/06 11:02:182577 INFO  fd total count:1 - EPollPoller.cc:32
2025/04/06 11:02:214405 DEBUG timeout! - EPollPoller.cc:49
2025/04/06 11:02:214470 INFO  fd total count:1 - EPollPoller.cc:32
2025/04/06 11:02:257540 DEBUG timeout! - EPollPoller.cc:49
2025/04/06 11:02:257606 INFO  fd total count:1 - EPollPoller.cc:32
2025/04/06 11:02:355745 DEBUG timeout! - EPollPoller.cc:49
2025/04/06 11:02:355798 INFO  fd total count:4 - EPollPoller.cc:32
2025/04/06 11:02:185599 DEBUG timeout! - EPollPoller.cc:49
2025/04/06 11:02:185642 INFO  fd total count:1 - EPollPoller.cc:32
2025/04/06 11:02:225034 DEBUG timeout! - EPollPoller.cc:49
2025/04/06 11:02:225077 INFO  fd total count:1 - EPollPoller.cc:32
2025/04/06 11:02:268187 DEBUG timeout! - EPollPoller.cc:49
2025/04/06 11:02:268264 INFO  fd total count:1 - EPollPoller.cc:32
2025/04/06 11:02:359435 DEBUG timeout! - EPollPoller.cc:49
2025/04/06 11:02:359477 INFO  fd total count:4 - EPollPoller.cc:32
2025/04/06 11:03:195758 DEBUG timeout! - EPollPoller.cc:49
2025/04/06 11:03:195801 INFO  fd total count:1 - EPollPoller.cc:32
2025/04/06 11:03:235197 DEBUG timeout! - EPollPoller.cc:49
2025/04/06 11:03:235241 INFO  fd total count:1 - EPollPoller.cc:32
2025/04/06 11:03:278387 DEBUG timeout! - EPollPoller.cc:49
2025/04/06 11:03:278430 INFO  fd total count:1 - EPollPoller.cc:32
2025/04/06 11:03:367821 DEBUG timeout! - EPollPoller.cc:49
2025/04/06 11:03:367859 INFO  fd total count:4 - EPollPoller.cc:32
2025/04/06 11:03:199053 DEBUG timeout! - EPollPoller.cc:49
2025/04/06 11:03:199136 INFO  fd total count:1 - EPollPoller.cc:32
2025/04/06 11:03:245739 DEBUG timeout! - EPollPoller.cc:49
2025/04/06 11:03:245793 INFO  fd total count:1 - EPollPoller.cc:32
2025/04/06 11:03:288022 DEBUG timeout! - EPollPoller.cc:49
2025/04/06 11:03:288063 INFO  fd total count:1 - EPollPoller.cc:32
2025/04/06 11:03:377788 DEBUG timeout! - EPollPoller.cc:49
2025/04/06 11:03:377826 INFO  fd total count:4 - EPollPoller.cc:32
2025/04/06 11:03:199876 DEBUG timeout! - EPollPoller.cc:49
2025/04/06 11:03:199975 INFO  fd total count:1 - EPollPoller.cc:32
2025/04/06 11:03:256382 DEBUG timeout! - EPollPoller.cc:49
2025/04/06 11:03:256438 INFO  fd total count:1 - EPollPoller.cc:32
2025/04/06 11:03:288954 DEBUG timeout! - EPollPoller.cc:49
2025/04/06 11:03:289025 INFO  fd total count:1 - EPollPoller.cc:32
2025/04/06 11:03:378803 DEBUG timeout! - EPollPoller.cc:49
2025/04/06 11:03:378840 INFO  fd total count:4 - EPollPoller.cc:32
2025/04/06 11:03:207484 DEBUG timeout! - EPollPoller.cc:49
2025/04/06 11:03:207528 INFO  fd total count:1 - EPollPoller.cc:32
2025/04/06 11:03:266903 DEBUG timeout! - EPollPoller.cc:49
2025/04/06 11:03:266945 INFO  fd total count:1 - EPollPoller.cc:32
2025/04/06 11:03:299378 DEBUG timeout! - EPollPoller.cc:49
2025/04/06 11:03:299420 INFO  fd total count:1 - EPollPoller.cc:32
2025/04/06 11:03:387842 DEBUG timeout! - EPollPoller.cc:49
2025/04/06 11:03:387888 INFO  fd total count:4 - EPollPoller.cc:32
2025/04/06 11:03:210074 DEBUG timeout! - EPollPoller.cc:49
2025/04/06 11:03:210109 INFO  fd total count:1 - EPollPoller.cc:32
2025/04/06 11:03:270614 DEBUG timeout! - EPollPoller.cc:49
2025/04/06 11:03:270670 INFO  fd total count:1 - EPollPoller.cc:32
2025/04/06 11:03:309984 DEBUG timeout! - EPollPoller.cc:49
2025/04/06 11:03:310025 INFO  fd total count:1 - EPollPoller.cc:32
2025/04/06 11:03:388697 DEBUG timeout! - EPollPoller.cc:49
2025/04/06 11:03:388766 INFO  fd total count:4 - EPollPoller.cc:32
2025/04/06 11:03:217955 DEBUG timeout! - EPollPoller.cc:49
2025/04/06 11:03:217995 INFO  fd total count:1 - EPollPoller.cc:32
2025/04/06 11:03:279057 DEBUG timeout! - EPollPoller.cc:49
2025/04/06 11:03:279095 INFO  fd total count:1 - EPollPoller.cc:32
2025/04/06 11:03:320225 DEBUG timeout! - EPollPoller.cc:49
2025/04/06 11:03:320277 INFO  fd total count:1 - EPollPoller.cc:32
2025/04/06 11:03:399118 DEBUG timeout! - EPollPoller.cc:49
2025/04/06 11:03:399192 INFO  fd total count:4 - EPollPoller.cc:32
2025/04/06 11:04:223550 DEBUG timeout! - EPollPoller.cc:49
2025/04/06 11:04:223600 INFO  fd total count:1 - EPollPoller.cc:32
2025/04/06 11:04:287547 DEBUG timeout! - EPollPoller.cc:49
2025/04/06 11:04:287589 INFO  fd total count:1 - EPollPoller.cc:32
2025/04/06 11:04:330544 DEBUG timeout! - EPollPoller.cc:49
2025/04/06 11:04:330614 INFO  fd total count:1 - EPollPoller.cc:32
2025/04/06 11:04:400247 DEBUG timeout! - EPollPoller.cc:49
2025/04/06 11:04:400288 INFO  fd total count:4 - EPollPoller.cc:32
2025/04/06 11:04:231531 DEBUG timeout! - EPollPoller.cc:49
2025/04/06 11:04:231574 INFO  fd total count:1 - EPollPoller.cc:32
2025/04/06 11:04:297837 DEBUG timeout! - EPollPoller.cc:49
2025/04/06 11:04:297878 INFO  fd total count:1 - EPollPoller.cc:32
2025/04/06 11:04:335428 DEBUG timeout! - EPollPoller.cc:49
2025/04/06 11:04:335495 INFO  fd total count:1 - EPollPoller.cc:32
2025/04/06 11:04:400731 DEBUG timeout! - EPollPoller.cc:49
2025/04/06 11:04:400771 INFO  fd total count:4 - EPollPoller.cc:32
2025/04/06 11:04:235159 DEBUG timeout! - EPollPoller.cc:49
2025/04/06 11:04:235203 INFO  fd total count:1 - EPollPoller.cc:32
2025/04/06 11:04:308399 DEBUG timeout! - EPollPoller.cc:49
2025/04/06 11:04:308439 INFO  fd total count:1 - EPollPoller.cc:32
2025/04/06 11:04:345734 DEBUG timeout! - EPollPoller.cc:49
2025/04/06 11:04:345779 INFO  fd total count:1 - EPollPoller.cc:32
2025/04/06 11:04:409088 DEBUG timeout! - EPollPoller.cc:49
2025/04/06 11:04:409129 INFO  fd total count:4 - EPollPoller.cc:32
2025/04/06 11:04:242729 DEBUG timeout! - EPollPoller.cc:49
2025/04/06 11:04:242770 INFO  fd total count:1 - EPollPoller.cc:32
2025/04/06 11:04:317056 DEBUG timeout! - EPollPoller.cc:49
2025/04/06 11:04:317101 INFO  fd total count:1 - EPollPoller.cc:32
2025/04/06 11:04:356289 DEBUG timeout! - EPollPoller.cc:49
2025/04/06 11:04:356328 INFO  fd total count:1 - EPollPoller.cc:32
2025/04/06 11:04:414755 DEBUG timeout! - EPollPoller.cc:49
2025/04/06 11:04:414792 INFO  fd total count:4 - EPollPoller.cc:32
2025/04/06 11:04:252412 DEBUG timeout! - EPollPoller.cc:49
2025/04/06 11:04:252452 INFO  fd total count:1 - EPollPoller.cc:32
2025/04/06 11:04:318329 DEBUG timeout! - EPollPoller.cc:49
2025/04/06 11:04:318377 INFO  fd total count:1 - EPollPoller.cc:32
2025/04/06 11:04:360637 DEBUG timeout! - EPollPoller.cc:49
2025/04/06 11:04:360676 INFO  fd total count:1 - EPollPoller.cc:32
2025/04/06 11:04:425231 DEBUG timeout! - EPollPoller.cc:49
2025/04/06 11:04:425281 INFO  fd total count:4 - EPollPoller.cc:32
2025/04/06 11:04:258949 DEBUG timeout! - EPollPoller.cc:49
2025/04/06 11:04:258996 INFO  fd total count:1 - EPollPoller.cc:32
2025/04/06 11:04:318539 DEBUG timeout! - EPollPoller.cc:49
2025/04/06 11:04:318581 INFO  fd total count:1 - EPollPoller.cc:32
2025/04/06 11:04:370823 DEBUG timeout! - EPollPoller.cc:49
2025/04/06 11:04:370870 INFO  fd total count:1 - EPollPoller.cc:32
2025/04/06 11:04:431525 DEBUG timeout! - EPollPoller.cc:49
2025/04/06 11:04:431570 INFO  fd total count:4 - EPollPoller.cc:32
2025/04/06 11:05:265398 DEBUG timeout! - EPollPoller.cc:49
2025/04/06 11:05:265440 INFO  fd total count:1 - EPollPoller.cc:32
2025/04/06 11:05:327414 DEBUG timeout! - EPollPoller.cc:49
2025/04/06 11:05:327464 INFO  fd total count:1 - EPollPoller.cc:32
2025/04/06 11:05:372857 DEBUG timeout! - EPollPoller.cc:49
2025/04/06 11:05:372904 INFO  fd total count:1 - EPollPoller.cc:32
2025/04/06 11:05:441352 DEBUG timeout! - EPollPoller.cc:49
2025/04/06 11:05:441426 INFO  fd total count:4 - EPollPoller.cc:32
2025/04/06 11:05:266899 DEBUG timeout! - EPollPoller.cc:49
2025/04/06 11:05:266963 INFO  fd total count:1 - EPollPoller.cc:32
2025/04/06 11:05:328396 DEBUG timeout! - EPollPoller.cc:49
2025/04/06 11:05:328463 INFO  fd total count:1 - EPollPoller.cc:32
2025/04/06 11:05:383419 DEBUG timeout! - EPollPoller.cc:49
2025/04/06 11:05:383463 INFO  fd total count:1 - EPollPoller.cc:32
2025/04/06 11:05:451674 DEBUG timeout! - EPollPoller.cc:49
2025/04/06 11:05:451726 INFO  fd total count:4 - EPollPoller.cc:32
2025/04/06 11:05:277062 DEBUG timeout! - EPollPoller.cc:49
2025/04/06 11:05:277131 INFO  fd total count:1 - EPollPoller.cc:32
2025/04/06 11:05:335265 DEBUG timeout! - EPollPoller.cc:49
2025/04/06 11:05:335307 INFO  fd total count:1 - EPollPoller.cc:32
2025/04/06 11:05:387249 DEBUG timeout! - EPollPoller.cc:49
2025/04/06 11:05:387293 INFO  fd total count:1 - EPollPoller.cc:32
2025/04/06 11:05:461930 DEBUG timeout! - EPollPoller.cc:49
2025/04/06 11:05:461975 INFO  fd total count:4 - EPollPoller.cc:32
2025/04/06 11:05:278502 DEBUG timeout! - EPollPoller.cc:49
2025/04/06 11:05:278627 INFO  fd total count:1 - EPollPoller.cc:32
2025/04/06 11:05:337859 DEBUG timeout! - EPollPoller.cc:49
2025/04/06 11:05:337896 INFO  fd total count:1 - EPollPoller.cc:32
2025/04/06 11:05:397529 DEBUG timeout! - EPollPoller.cc:49
2025/04/06 11:05:397590 INFO  fd total count:1 - EPollPoller.cc:32
2025/04/06 11:05:470296 DEBUG timeout! - EPollPoller.cc:49
2025/04/06 11:05:470333 INFO  fd total count:4 - EPollPoller.cc:32
2025/04/06 11:05:285364 DEBUG timeout! - EPollPoller.cc:49
2025/04/06 11:05:285405 INFO  fd total count:1 - EPollPoller.cc:32
2025/04/06 11:05:342997 DEBUG timeout! - EPollPoller.cc:49
2025/04/06 11:05:343067 INFO  fd total count:1 - EPollPoller.cc:32
2025/04/06 11:05:403511 DEBUG timeout! - EPollPoller.cc:49
2025/04/06 11:05:403558 INFO  fd total count:1 - EPollPoller.cc:32
2025/04/06 11:05:471420 DEBUG timeout! - EPollPoller.cc:49
2025/04/06 11:05:471470 INFO  fd total count:4 - EPollPoller.cc:32
2025/04/06 11:05:296016 DEBUG timeout! - EPollPoller.cc:49
2025/04/06 11:05:296065 INFO  fd total count:1 - EPollPoller.cc:32
2025/04/06 11:05:344348 DEBUG timeout! - EPollPoller.cc:49
2025/04/06 11:05:344394 INFO  fd total count:1 - EPollPoller.cc:32
2025/04/06 11:05:409559 DEBUG timeout! - EPollPoller.cc:49
2025/04/06 11:05:409601 INFO  fd total count:1 - EPollPoller.cc:32
2025/04/06 11:05:481766 DEBUG timeout! - EPollPoller.cc:49
2025/04/06 11:05:481812 INFO  fd total count:4 - EPollPoller.cc:32
2025/04/06 11:06:300003 DEBUG timeout! - EPollPoller.cc:49
2025/04/06 11:06:300134 INFO  fd total count:1 - EPollPoller.cc:32
2025/04/06 11:06:345219 DEBUG timeout! - EPollPoller.cc:49
2025/04/06 11:06:345261 INFO  fd total count:1 - EPollPoller.cc:32
2025/04/06 11:06:417916 DEBUG timeout! - EPollPoller.cc:49
2025/04/06 11:06:418056 INFO  fd total count:1 - EPollPoller.cc:32
2025/04/06 11:06:482615 DEBUG timeout! - EPollPoller.cc:49
2025/04/06 11:06:482774 INFO  fd total count:4 - EPollPoller.cc:32
2025/04/06 11:06:300396 DEBUG timeout! - EPollPoller.cc:49
2025/04/06 11:06:300434 INFO  fd total count:1 - EPollPoller.cc:32
2025/04/06 11:06:355575 DEBUG timeout! - EPollPoller.cc:49
2025/04/06 11:06:355637 INFO  fd total count:1 - EPollPoller.cc:32
2025/04/06 11:06:420856 DEBUG timeout! - EPollPoller.cc:49
2025/04/06 11:06:420958 INFO  fd total count:1 - EPollPoller.cc:32
2025/04/06 11:06:489763 DEBUG timeout! - EPollPoller.cc:49
2025/04/06 11:06:489805 INFO  fd total count:4 - EPollPoller.cc:32
2025/04/06 11:06:305677 DEBUG timeout! - EPollPoller.cc:49
2025/04/06 11:06:305718 INFO  fd total count:1 - EPollPoller.cc:32
2025/04/06 11:06:365945 DEBUG timeout! - EPollPoller.cc:49
2025/04/06 11:06:365985 INFO  fd total count:1 - EPollPoller.cc:32
2025/04/06 11:06:430968 DEBUG timeout! - EPollPoller.cc:49
2025/04/06 11:06:431082 INFO  fd total count:1 - EPollPoller.cc:32
2025/04/06 11:06:496897 DEBUG timeout! - EPollPoller.cc:49
2025/04/06 11:06:496983 INFO  fd total count:4 - EPollPoller.cc:32
2025/04/06 11:06:315909 DEBUG timeout! - EPollPoller.cc:49
2025/04/06 11:06:315951 INFO  fd total count:1 - EPollPoller.cc:32
2025/04/06 11:06:371810 DEBUG timeout! - EPollPoller.cc:49
2025/04/06 11:06:371851 INFO  fd total count:1 - EPollPoller.cc:32
2025/04/06 11:06:441245 DEBUG timeout! - EPollPoller.cc:49
2025/04/06 11:06:441286 INFO  fd total count:1 - EPollPoller.cc:32
2025/04/06 11:06:497999 DEBUG timeout! - EPollPoller.cc:49
2025/04/06 11:06:498041 INFO  fd total count:4 - EPollPoller.cc:32
2025/04/06 11:06:326494 DEBUG timeout! - EPollPoller.cc:49
2025/04/06 11:06:326575 INFO  fd total count:1 - EPollPoller.cc:32
2025/04/06 11:06:372583 DEBUG timeout! - EPollPoller.cc:49
2025/04/06 11:06:372624 INFO  fd total count:1 - EPollPoller.cc:32
2025/04/06 11:06:442024 DEBUG timeout! - EPollPoller.cc:49
2025/04/06 11:06:442108 INFO  fd total count:1 - EPollPoller.cc:32
2025/04/06 11:06:508425 DEBUG timeout! - EPollPoller.cc:49
2025/04/06 11:06:508519 INFO  fd total count:4 - EPollPoller.cc:32
2025/04/06 11:06:334975 DEBUG timeout! - EPollPoller.cc:49
2025/04/06 11:06:335020 INFO  fd total count:1 - EPollPoller.cc:32
2025/04/06 11:06:372892 DEBUG timeout! - EPollPoller.cc:49
2025/04/06 11:06:372952 INFO  fd total count:1 - EPollPoller.cc:32
2025/04/06 11:06:443665 DEBUG timeout! - EPollPoller.cc:49
2025/04/06 11:06:443707 INFO  fd total count:1 - EPollPoller.cc:32
2025/04/06 11:06:512426 DEBUG timeout! - EPollPoller.cc:49
2025/04/06 11:06:512468 INFO  fd total count:4 - EPollPoller.cc:32
2025/04/06 11:07:345131 DEBUG timeout! - EPollPoller.cc:49
2025/04/06 11:07:345174 INFO  fd total count:1 - EPollPoller.cc:32
2025/04/06 11:07:383504 DEBUG timeout! - EPollPoller.cc:49
2025/04/06 11:07:383598 INFO  fd total count:1 - EPollPoller.cc:32
2025/04/06 11:07:446270 DEBUG timeout! - EPollPoller.cc:49
2025/04/06 11:07:446317 INFO  fd total count:1 - EPollPoller.cc:32
2025/04/06 11:07:520427 DEBUG timeout! - EPollPoller.cc:49
2025/04/06 11:07:520573 INFO  fd total count:4 - EPollPoller.cc:32
2025/04/06 11:07:355404 DEBUG timeout! - EPollPoller.cc:49
2025/04/06 11:07:355455 INFO  fd total count:1 - EPollPoller.cc:32
2025/04/06 11:07:392305 DEBUG timeout! - EPollPoller.cc:49
2025/04/06 11:07:392348 INFO  fd total count:1 - EPollPoller.cc:32
2025/04/06 11:07:447841 DEBUG timeout! - EPollPoller.cc:49
2025/04/06 11:07:447882 INFO  fd total count:1 - EPollPoller.cc:32
2025/04/06 11:07:530969 DEBUG timeout! - EPollPoller.cc:49
2025/04/06 11:07:531075 INFO  fd total count:4 - EPollPoller.cc:32
2025/04/06 11:07:356734 DEBUG timeout! - EPollPoller.cc:49
2025/04/06 11:07:356777 INFO  fd total count:1 - EPollPoller.cc:32
2025/04/06 11:07:402775 DEBUG timeout! - EPollPoller.cc:49
2025/04/06 11:07:402828 INFO  fd total count:1 - EPollPoller.cc:32
2025/04/06 11:07:458316 DEBUG timeout! - EPollPoller.cc:49
2025/04/06 11:07:458359 INFO  fd total count:1 - EPollPoller.cc:32
2025/04/06 11:07:541189 DEBUG timeout! - EPollPoller.cc:49
2025/04/06 11:07:541238 INFO  fd total count:4 - EPollPoller.cc:32
2025/04/06 11:07:362158 DEBUG timeout! - EPollPoller.cc:49
2025/04/06 11:07:362198 INFO  fd total count:1 - EPollPoller.cc:32
2025/04/06 11:07:404049 DEBUG timeout! - EPollPoller.cc:49
2025/04/06 11:07:404092 INFO  fd total count:1 - EPollPoller.cc:32
2025/04/06 11:07:468474 DEBUG timeout! - EPollPoller.cc:49
2025/04/06 11:07:468516 INFO  fd total count:1 - EPollPoller.cc:32
2025/04/06 11:07:551414 DEBUG timeout! - EPollPoller.cc:49
2025/04/06 11:07:551455 INFO  fd total count:4 - EPollPoller.cc:32
2025/04/06 11:07:363093 DEBUG timeout! - EPollPoller.cc:49
2025/04/06 11:07:363147 INFO  fd total count:1 - EPollPoller.cc:32
2025/04/06 11:07:414262 DEBUG timeout! - EPollPoller.cc:49
2025/04/06 11:07:414340 INFO  fd total count:1 - EPollPoller.cc:32
2025/04/06 11:07:478939 DEBUG timeout! - EPollPoller.cc:49
2025/04/06 11:07:478974 INFO  fd total count:1 - EPollPoller.cc:32
2025/04/06 11:07:561912 DEBUG timeout! - EPollPoller.cc:49
2025/04/06 11:07:561962 INFO  fd total count:4 - EPollPoller.cc:32
2025/04/06 11:07:364022 DEBUG timeout! - EPollPoller.cc:49
2025/04/06 11:07:364061 INFO  fd total count:1 - EPollPoller.cc:32
2025/04/06 11:07:419567 DEBUG timeout! - EPollPoller.cc:49
2025/04/06 11:07:419611 INFO  fd total count:1 - EPollPoller.cc:32
2025/04/06 11:07:489122 DEBUG timeout! - EPollPoller.cc:49
2025/04/06 11:07:489163 INFO  fd total count:1 - EPollPoller.cc:32
2025/04/06 11:07:572344 DEBUG timeout! - EPollPoller.cc:49
2025/04/06 11:07:572402 INFO  fd total count:4 - EPollPoller.cc:32
2025/04/06 11:08:374420 DEBUG timeout! - EPollPoller.cc:49
2025/04/06 11:08:374458 INFO  fd total count:1 - EPollPoller.cc:32
2025/04/06 11:08:429847 DEBUG timeout! - EPollPoller.cc:49
2025/04/06 11:08:429887 INFO  fd total count:1 - EPollPoller.cc:32
2025/04/06 11:08:495956 DEBUG timeout! - EPollPoller.cc:49
2025/04/06 11:08:495994 INFO  fd total count:1 - EPollPoller.cc:32
2025/04/06 11:08:579535 DEBUG timeout! - EPollPoller.cc:49
2025/04/06 11:08:579575 INFO  fd total count:4 - EPollPoller.cc:32
2025/04/06 11:08:382685 DEBUG timeout! - EPollPoller.cc:49
2025/04/06 11:08:382725 INFO  fd total count:1 - EPollPoller.cc:32
2025/04/06 11:08:439240 DEBUG timeout! - EPollPoller.cc:49
2025/04/06 11:08:439284 INFO  fd total count:1 - EPollPoller.cc:32
2025/04/06 11:08:506310 DEBUG timeout! - EPollPoller.cc:49
2025/04/06 11:08:506348 INFO  fd total count:1 - EPollPoller.cc:32
2025/04/06 11:08:584574 DEBUG timeout! - EPollPoller.cc:49
2025/04/06 11:08:584613 INFO  fd total count:4 - EPollPoller.cc:32
2025/04/06 11:08:390200 DEBUG timeout! - EPollPoller.cc:49
2025/04/06 11:08:390261 INFO  fd total count:1 - EPollPoller.cc:32
2025/04/06 11:08:447510 DEBUG timeout! - EPollPoller.cc:49
2025/04/06 11:08:447557 INFO  fd total count:1 - EPollPoller.cc:32
2025/04/06 11:08:512047 DEBUG timeout! - EPollPoller.cc:49
2025/04/06 11:08:512133 INFO  fd total count:1 - EPollPoller.cc:32
2025/04/06 11:08:589726 DEBUG timeout! - EPollPoller.cc:49
2025/04/06 11:08:589796 INFO  fd total count:4 - EPollPoller.cc:32
2025/04/06 11:08:400791 DEBUG timeout! - EPollPoller.cc:49
2025/04/06 11:08:400839 INFO  fd total count:1 - EPollPoller.cc:32
2025/04/06 11:08:457814 DEBUG timeout! - EPollPoller.cc:49
2025/04/06 11:08:457856 INFO  fd total count:1 - EPollPoller.cc:32
2025/04/06 11:08:522412 DEBUG timeout! - EPollPoller.cc:49
2025/04/06 11:08:522517 INFO  fd total count:1 - EPollPoller.cc:32
2025/04/06 11:08:590940 DEBUG timeout! - EPollPoller.cc:49
2025/04/06 11:08:591015 INFO  fd total count:4 - EPollPoller.cc:32
2025/04/06 11:08:401202 DEBUG timeout! - EPollPoller.cc:49
2025/04/06 11:08:401267 INFO  fd total count:1 - EPollPoller.cc:32
2025/04/06 11:08:468012 DEBUG timeout! - EPollPoller.cc:49
2025/04/06 11:08:468118 INFO  fd total count:1 - EPollPoller.cc:32
2025/04/06 11:08:532613 DEBUG timeout! - EPollPoller.cc:49
2025/04/06 11:08:532656 INFO  fd total count:1 - EPollPoller.cc:32
2025/04/06 11:08:597186 DEBUG timeout! - EPollPoller.cc:49
2025/04/06 11:08:597225 INFO  fd total count:4 - EPollPoller.cc:32
2025/04/06 11:08:404746 DEBUG timeout! - EPollPoller.cc:49
2025/04/06 11:08:404829 INFO  fd total count:1 - EPollPoller.cc:32
2025/04/06 11:08:468817 DEBUG timeout! - EPollPoller.cc:49
2025/04/06 11:08:468858 INFO  fd total count:1 - EPollPoller.cc:32
2025/04/06 11:08:537775 DEBUG timeout! - EPollPoller.cc:49
2025/04/06 11:08:537818 INFO  fd total count:1 - EPollPoller.cc:32
2025/04/06 11:08:603737 DEBUG timeout! - EPollPoller.cc:49
2025/04/06 11:08:603780 INFO  fd total count:4 - EPollPoller.cc:32
2025/04/06 11:09:405820 DEBUG timeout! - EPollPoller.cc:49
2025/04/06 11:09:405862 INFO  fd total count:1 - EPollPoller.cc:32
2025/04/06 11:09:479305 DEBUG timeout! - EPollPoller.cc:49
2025/04/06 11:09:479372 INFO  fd total count:1 - EPollPoller.cc:32
2025/04/06 11:09:548118 DEBUG timeout! - EPollPoller.cc:49
2025/04/06 11:09:548205 INFO  fd total count:1 - EPollPoller.cc:32
2025/04/06 11:09:607382 DEBUG timeout! - EPollPoller.cc:49
2025/04/06 11:09:607423 INFO  fd total count:4 - EPollPoller.cc:32
2025/04/06 11:09:415602 DEBUG timeout! - EPollPoller.cc:49
2025/04/06 11:09:415646 INFO  fd total count:1 - EPollPoller.cc:32
2025/04/06 11:09:480231 DEBUG timeout! - EPollPoller.cc:49
2025/04/06 11:09:480329 INFO  fd total count:1 - EPollPoller.cc:32
2025/04/06 11:09:552570 DEBUG timeout! - EPollPoller.cc:49
2025/04/06 11:09:552612 INFO  fd total count:1 - EPollPoller.cc:32
2025/04/06 11:09:608140 DEBUG timeout! - EPollPoller.cc:49
2025/04/06 11:09:608206 INFO  fd total count:4 - EPollPoller.cc:32
2025/04/06 11:09:417129 DEBUG timeout! - EPollPoller.cc:49
2025/04/06 11:09:417175 INFO  fd total count:1 - EPollPoller.cc:32
2025/04/06 11:09:490854 DEBUG timeout! - EPollPoller.cc:49
2025/04/06 11:09:490952 INFO  fd total count:1 - EPollPoller.cc:32
2025/04/06 11:09:562767 DEBUG timeout! - EPollPoller.cc:49
2025/04/06 11:09:562810 INFO  fd total count:1 - EPollPoller.cc:32
2025/04/06 11:09:618374 DEBUG timeout! - EPollPoller.cc:49
2025/04/06 11:09:618446 INFO  fd total count:4 - EPollPoller.cc:32
2025/04/06 11:09:423519 DEBUG timeout! - EPollPoller.cc:49
2025/04/06 11:09:423552 INFO  fd total count:1 - EPollPoller.cc:32
2025/04/06 11:09:501239 DEBUG timeout! - EPollPoller.cc:49
2025/04/06 11:09:501282 INFO  fd total count:1 - EPollPoller.cc:32
2025/04/06 11:09:564303 DEBUG timeout! - EPollPoller.cc:49
2025/04/06 11:09:564400 INFO  fd total count:1 - EPollPoller.cc:32
2025/04/06 11:09:625603 DEBUG timeout! - EPollPoller.cc:49
2025/04/06 11:09:625648 INFO  fd total count:4 - EPollPoller.cc:32
2025/04/06 11:09:433958 DEBUG timeout! - EPollPoller.cc:49
2025/04/06 11:09:434012 INFO  fd total count:1 - EPollPoller.cc:32
2025/04/06 11:09:511141 DEBUG timeout! - EPollPoller.cc:49
2025/04/06 11:09:511199 INFO  fd total count:1 - EPollPoller.cc:32
2025/04/06 11:09:565234 DEBUG timeout! - EPollPoller.cc:49
2025/04/06 11:09:565289 INFO  fd total count:1 - EPollPoller.cc:32
2025/04/06 11:09:629186 DEBUG timeout! - EPollPoller.cc:49
2025/04/06 11:09:629285 INFO  fd total count:4 - EPollPoller.cc:32
2025/04/06 11:09:435992 DEBUG timeout! - EPollPoller.cc:49
2025/04/06 11:09:436030 INFO  fd total count:1 - EPollPoller.cc:32
2025/04/06 11:09:521524 DEBUG timeout! - EPollPoller.cc:49
2025/04/06 11:09:521657 INFO  fd total count:1 - EPollPoller.cc:32
2025/04/06 11:09:575548 DEBUG timeout! - EPollPoller.cc:49
2025/04/06 11:09:575592 INFO  fd total count:1 - EPollPoller.cc:32
2025/04/06 11:09:639437 DEBUG timeout! - EPollPoller.cc:49
2025/04/06 11:09:639475 INFO  fd total count:4 - EPollPoller.cc:32
2025/04/06 11:10:446321 DEBUG timeout! - EPollPoller.cc:49
2025/04/06 11:10:446383 INFO  fd total count:1 - EPollPoller.cc:32
2025/04/06 11:10:525425 DEBUG timeout! - EPollPoller.cc:49
2025/04/06 11:10:525549 INFO  fd total count:1 - EPollPoller.cc:32
2025/04/06 11:10:576730 DEBUG timeout! - EPollPoller.cc:49
2025/04/06 11:10:576778 INFO  fd total count:1 - EPollPoller.cc:32
2025/04/06 11:10:649707 DEBUG timeout! - EPollPoller.cc:49
2025/04/06 11:10:649745 INFO  fd total count:4 - EPollPoller.cc:32
2025/04/06 11:10:456742 DEBUG timeout! - EPollPoller.cc:49
2025/04/06 11:10:456789 INFO  fd total count:1 - EPollPoller.cc:32
2025/04/06 11:10:533448 DEBUG timeout! - EPollPoller.cc:49
2025/04/06 11:10:533508 INFO  fd total count:1 - EPollPoller.cc:32
2025/04/06 11:10:577864 DEBUG timeout! - EPollPoller.cc:49
2025/04/06 11:10:577908 INFO  fd total count:1 - EPollPoller.cc:32
2025/04/06 11:10:659919 DEBUG timeout! - EPollPoller.cc:49
2025/04/06 11:10:659961 INFO  fd total count:4 - EPollPoller.cc:32
2025/04/06 11:10:467310 DEBUG timeout! - EPollPoller.cc:49
2025/04/06 11:10:467353 INFO  fd total count:1 - EPollPoller.cc:32
2025/04/06 11:10:539298 DEBUG timeout! - EPollPoller.cc:49
2025/04/06 11:10:539375 INFO  fd total count:1 - EPollPoller.cc:32
2025/04/06 11:10:585228 DEBUG timeout! - EPollPoller.cc:49
2025/04/06 11:10:585266 INFO  fd total count:1 - EPollPoller.cc:32
2025/04/06 11:10:670195 DEBUG timeout! - EPollPoller.cc:49
2025/04/06 11:10:670236 INFO  fd total count:4 - EPollPoller.cc:32
2025/04/06 11:10:473878 DEBUG timeout! - EPollPoller.cc:49
2025/04/06 11:10:473919 INFO  fd total count:1 - EPollPoller.cc:32
2025/04/06 11:10:549444 DEBUG timeout! - EPollPoller.cc:49
2025/04/06 11:10:549484 INFO  fd total count:1 - EPollPoller.cc:32
2025/04/06 11:10:592967 DEBUG timeout! - EPollPoller.cc:49
2025/04/06 11:10:593011 INFO  fd total count:1 - EPollPoller.cc:32
2025/04/06 11:10:680379 DEBUG timeout! - EPollPoller.cc:49
2025/04/06 11:10:680441 INFO  fd total count:4 - EPollPoller.cc:32
2025/04/06 11:10:476130 DEBUG timeout! - EPollPoller.cc:49
2025/04/06 11:10:476208 INFO  fd total count:1 - EPollPoller.cc:32
2025/04/06 11:10:553951 DEBUG timeout! - EPollPoller.cc:49
2025/04/06 11:10:553994 INFO  fd total count:1 - EPollPoller.cc:32
2025/04/06 11:10:603585 DEBUG timeout! - EPollPoller.cc:49
2025/04/06 11:10:603721 INFO  fd total count:1 - EPollPoller.cc:32
2025/04/06 11:10:690557 DEBUG timeout! - EPollPoller.cc:49
2025/04/06 11:10:690599 INFO  fd total count:4 - EPollPoller.cc:32
2025/04/06 11:10:486450 DEBUG timeout! - EPollPoller.cc:49
2025/04/06 11:10:486491 INFO  fd total count:1 - EPollPoller.cc:32
2025/04/06 11:10:559596 DEBUG timeout! - EPollPoller.cc:49
2025/04/06 11:10:559765 INFO  fd total count:1 - EPollPoller.cc:32
2025/04/06 11:10:611227 DEBUG timeout! - EPollPoller.cc:49
2025/04/06 11:10:611271 INFO  fd total count:1 - EPollPoller.cc:32
2025/04/06 11:10:690806 DEBUG timeout! - EPollPoller.cc:49
2025/04/06 11:10:690938 INFO  fd total count:4 - EPollPoller.cc:32
2025/04/06 11:11:496760 DEBUG timeout! - EPollPoller.cc:49
2025/04/06 11:11:496808 INFO  fd total count:1 - EPollPoller.cc:32
2025/04/06 11:11:560988 DEBUG timeout! - EPollPoller.cc:49
2025/04/06 11:11:561029 INFO  fd total count:1 - EPollPoller.cc:32
2025/04/06 11:11:612004 DEBUG timeout! - EPollPoller.cc:49
2025/04/06 11:11:612049 INFO  fd total count:1 - EPollPoller.cc:32
2025/04/06 11:11:701335 DEBUG timeout! - EPollPoller.cc:49
2025/04/06 11:11:701377 INFO  fd total count:4 - EPollPoller.cc:32
2025/04/06 11:11:506727 DEBUG timeout! - EPollPoller.cc:49
2025/04/06 11:11:506877 INFO  fd total count:1 - EPollPoller.cc:32
2025/04/06 11:11:571335 DEBUG timeout! - EPollPoller.cc:49
2025/04/06 11:11:571399 INFO  fd total count:1 - EPollPoller.cc:32
2025/04/06 11:11:622343 DEBUG timeout! - EPollPoller.cc:49
2025/04/06 11:11:622497 INFO  fd total count:1 - EPollPoller.cc:32
2025/04/06 11:11:711438 DEBUG timeout! - EPollPoller.cc:49
2025/04/06 11:11:711489 INFO  fd total count:4 - EPollPoller.cc:32
2025/04/06 11:11:517305 DEBUG timeout! - EPollPoller.cc:49
2025/04/06 11:11:517405 INFO  fd total count:1 - EPollPoller.cc:32
2025/04/06 11:11:577196 DEBUG timeout! - EPollPoller.cc:49
2025/04/06 11:11:577234 INFO  fd total count:1 - EPollPoller.cc:32
2025/04/06 11:11:632632 DEBUG timeout! - EPollPoller.cc:49
2025/04/06 11:11:632672 INFO  fd total count:1 - EPollPoller.cc:32
2025/04/06 11:11:719389 DEBUG timeout! - EPollPoller.cc:49
2025/04/06 11:11:719497 INFO  fd total count:4 - EPollPoller.cc:32
2025/04/06 11:11:527894 DEBUG timeout! - EPollPoller.cc:49
2025/04/06 11:11:528022 INFO  fd total count:1 - EPollPoller.cc:32
2025/04/06 11:11:587387 DEBUG timeout! - EPollPoller.cc:49
2025/04/06 11:11:587479 INFO  fd total count:1 - EPollPoller.cc:32
2025/04/06 11:11:643106 DEBUG timeout! - EPollPoller.cc:49
2025/04/06 11:11:643165 INFO  fd total count:1 - EPollPoller.cc:32
2025/04/06 11:11:720269 DEBUG timeout! - EPollPoller.cc:49
2025/04/06 11:11:720313 INFO  fd total count:4 - EPollPoller.cc:32
2025/04/06 11:11:529156 DEBUG timeout! - EPollPoller.cc:49
2025/04/06 11:11:529195 INFO  fd total count:1 - EPollPoller.cc:32
2025/04/06 11:11:598003 DEBUG timeout! - EPollPoller.cc:49
2025/04/06 11:11:598045 INFO  fd total count:1 - EPollPoller.cc:32
2025/04/06 11:11:646406 DEBUG timeout! - EPollPoller.cc:49
2025/04/06 11:11:646443 INFO  fd total count:1 - EPollPoller.cc:32
2025/04/06 11:11:730429 DEBUG timeout! - EPollPoller.cc:49
2025/04/06 11:11:730466 INFO  fd total count:4 - EPollPoller.cc:32
2025/04/06 11:11:535012 DEBUG timeout! - EPollPoller.cc:49
2025/04/06 11:11:535057 INFO  fd total count:1 - EPollPoller.cc:32
2025/04/06 11:11:605709 DEBUG timeout! - EPollPoller.cc:49
2025/04/06 11:11:605753 INFO  fd total count:1 - EPollPoller.cc:32
2025/04/06 11:11:647179 DEBUG timeout! - EPollPoller.cc:49
2025/04/06 11:11:647224 INFO  fd total count:1 - EPollPoller.cc:32
2025/04/06 11:11:740594 DEBUG timeout! - EPollPoller.cc:49
2025/04/06 11:11:740653 INFO  fd total count:4 - EPollPoller.cc:32
2025/04/06 11:12:543328 DEBUG timeout! - EPollPoller.cc:49
2025/04/06 11:12:543371 INFO  fd total count:1 - EPollPoller.cc:32
2025/04/06 11:12:606250 DEBUG timeout! - EPollPoller.cc:49
2025/04/06 11:12:606296 INFO  fd total count:1 - EPollPoller.cc:32
2025/04/06 11:12:648550 DEBUG timeout! - EPollPoller.cc:49
2025/04/06 11:12:648599 INFO  fd total count:1 - EPollPoller.cc:32
2025/04/06 11:12:750751 DEBUG timeout! - EPollPoller.cc:49
2025/04/06 11:12:750815 INFO  fd total count:4 - EPollPoller.cc:32
2025/04/06 11:12:553541 DEBUG timeout! - EPollPoller.cc:49
2025/04/06 11:12:553579 INFO  fd total count:1 - EPollPoller.cc:32
2025/04/06 11:12:609567 DEBUG timeout! - EPollPoller.cc:49
2025/04/06 11:12:609608 INFO  fd total count:1 - EPollPoller.cc:32
2025/04/06 11:12:656387 DEBUG timeout! - EPollPoller.cc:49
2025/04/06 11:12:656429 INFO  fd total count:1 - EPollPoller.cc:32
2025/04/06 11:12:754050 DEBUG timeout! - EPollPoller.cc:49
2025/04/06 11:12:754099 INFO  fd total count:4 - EPollPoller.cc:32
2025/04/06 11:12:558892 DEBUG timeout! - EPollPoller.cc:49
2025/04/06 11:12:559021 INFO  fd total count:1 - EPollPoller.cc:32
2025/04/06 11:12:614628 DEBUG timeout! - EPollPoller.cc:49
2025/04/06 11:12:614676 INFO  fd total count:1 - EPollPoller.cc:32
2025/04/06 11:12:666117 DEBUG timeout! - EPollPoller.cc:49
2025/04/06 11:12:666159 INFO  fd total count:1 - EPollPoller.cc:32
2025/04/06 11:12:764224 DEBUG timeout! - EPollPoller.cc:49
2025/04/06 11:12:764277 INFO  fd total count:4 - EPollPoller.cc:32
2025/04/06 11:12:559348 DEBUG timeout! - EPollPoller.cc:49
2025/04/06 11:12:559393 INFO  fd total count:1 - EPollPoller.cc:32
2025/04/06 11:12:616154 DEBUG timeout! - EPollPoller.cc:49
2025/04/06 11:12:616200 INFO  fd total count:1 - EPollPoller.cc:32
2025/04/06 11:12:676491 DEBUG timeout! - EPollPoller.cc:49
2025/04/06 11:12:676533 INFO  fd total count:1 - EPollPoller.cc:32
2025/04/06 11:12:774708 DEBUG timeout! - EPollPoller.cc:49
2025/04/06 11:12:774779 INFO  fd total count:4 - EPollPoller.cc:32
2025/04/06 11:12:563826 DEBUG timeout! - EPollPoller.cc:49
2025/04/06 11:12:563937 INFO  fd total count:1 - EPollPoller.cc:32
2025/04/06 11:12:623259 DEBUG timeout! - EPollPoller.cc:49
2025/04/06 11:12:623322 INFO  fd total count:1 - EPollPoller.cc:32
2025/04/06 11:12:681131 DEBUG timeout! - EPollPoller.cc:49
2025/04/06 11:12:681162 INFO  fd total count:1 - EPollPoller.cc:32
2025/04/06 11:12:785030 DEBUG timeout! - EPollPoller.cc:49
2025/04/06 11:12:785070 INFO  fd total count:4 - EPollPoller.cc:32
2025/04/06 11:12:569440 DEBUG timeout! - EPollPoller.cc:49
2025/04/06 11:12:569494 INFO  fd total count:1 - EPollPoller.cc:32
2025/04/06 11:12:628351 DEBUG timeout! - EPollPoller.cc:49
2025/04/06 11:12:628391 INFO  fd total count:1 - EPollPoller.cc:32
2025/04/06 11:12:693356 DEBUG timeout! - EPollPoller.cc:49
2025/04/06 11:12:693430 INFO  fd total count:1 - EPollPoller.cc:32
2025/04/06 11:12:795348 DEBUG timeout! - EPollPoller.cc:49
2025/04/06 11:12:795390 INFO  fd total count:4 - EPollPoller.cc:32
2025/04/06 11:13:571625 DEBUG timeout! - EPollPoller.cc:49
2025/04/06 11:13:571695 INFO  fd total count:1 - EPollPoller.cc:32
2025/04/06 11:13:637636 DEBUG timeout! - EPollPoller.cc:49
2025/04/06 11:13:637680 INFO  fd total count:1 - EPollPoller.cc:32
2025/04/06 11:13:702902 DEBUG timeout! - EPollPoller.cc:49
2025/04/06 11:13:702950 INFO  fd total count:1 - EPollPoller.cc:32
2025/04/06 11:13:805604 DEBUG timeout! - EPollPoller.cc:49
2025/04/06 11:13:805656 INFO  fd total count:4 - EPollPoller.cc:32
2025/04/06 11:13:573691 DEBUG timeout! - EPollPoller.cc:49
2025/04/06 11:13:573732 INFO  fd total count:1 - EPollPoller.cc:32
2025/04/06 11:13:647226 DEBUG timeout! - EPollPoller.cc:49
2025/04/06 11:13:647268 INFO  fd total count:1 - EPollPoller.cc:32
2025/04/06 11:13:708801 DEBUG timeout! - EPollPoller.cc:49
2025/04/06 11:13:708841 INFO  fd total count:1 - EPollPoller.cc:32
2025/04/06 11:13:814424 DEBUG timeout! - EPollPoller.cc:49
2025/04/06 11:13:814475 INFO  fd total count:4 - EPollPoller.cc:32
2025/04/06 11:13:577581 DEBUG timeout! - EPollPoller.cc:49
2025/04/06 11:13:577621 INFO  fd total count:1 - EPollPoller.cc:32
2025/04/06 11:13:648483 DEBUG timeout! - EPollPoller.cc:49
2025/04/06 11:13:648557 INFO  fd total count:1 - EPollPoller.cc:32
2025/04/06 11:13:713075 DEBUG timeout! - EPollPoller.cc:49
2025/04/06 11:13:713148 INFO  fd total count:1 - EPollPoller.cc:32
2025/04/06 11:13:824881 DEBUG timeout! - EPollPoller.cc:49
2025/04/06 11:13:824926 INFO  fd total count:4 - EPollPoller.cc:32
2025/04/06 11:13:587672 DEBUG timeout! - EPollPoller.cc:49
2025/04/06 11:13:587714 INFO  fd total count:1 - EPollPoller.cc:32
2025/04/06 11:13:657368 DEBUG timeout! - EPollPoller.cc:49
2025/04/06 11:13:657409 INFO  fd total count:1 - EPollPoller.cc:32
2025/04/06 11:13:723524 DEBUG timeout! - EPollPoller.cc:49
2025/04/06 11:13:723566 INFO  fd total count:1 - EPollPoller.cc:32
2025/04/06 11:13:835243 DEBUG timeout! - EPollPoller.cc:49
2025/04/06 11:13:835292 INFO  fd total count:4 - EPollPoller.cc:32
2025/04/06 11:13:598235 DEBUG timeout! - EPollPoller.cc:49
2025/04/06 11:13:598276 INFO  fd total count:1 - EPollPoller.cc:32
2025/04/06 11:13:659878 DEBUG timeout! - EPollPoller.cc:49
2025/04/06 11:13:660024 INFO  fd total count:1 - EPollPoller.cc:32
2025/04/06 11:13:733940 DEBUG timeout! - EPollPoller.cc:49
2025/04/06 11:13:733983 INFO  fd total count:1 - EPollPoller.cc:32
2025/04/06 11:13:845163 DEBUG timeout! - EPollPoller.cc:49
2025/04/06 11:13:845206 INFO  fd total count:4 - EPollPoller.cc:32
2025/04/06 11:13:602744 DEBUG timeout! - EPollPoller.cc:49
2025/04/06 11:13:602783 INFO  fd total count:1 - EPollPoller.cc:32
2025/04/06 11:13:669647 DEBUG timeout! - EPollPoller.cc:49
2025/04/06 11:13:669722 INFO  fd total count:1 - EPollPoller.cc:32
2025/04/06 11:13:735005 DEBUG timeout! - EPollPoller.cc:49
2025/04/06 11:13:735052 INFO  fd total count:1 - EPollPoller.cc:32
2025/04/06 11:13:848165 DEBUG timeout! - EPollPoller.cc:49
2025/04/06 11:13:848206 INFO  fd total count:4 - EPollPoller.cc:32
2025/04/06 11:14:604751 DEBUG timeout! - EPollPoller.cc:49
2025/04/06 11:14:604793 INFO  fd total count:1 - EPollPoller.cc:32
2025/04/06 11:14:673996 DEBUG timeout! - EPollPoller.cc:49
2025/04/06 11:14:674048 INFO  fd total count:1 - EPollPoller.cc:32
2025/04/06 11:14:745322 DEBUG timeout! - EPollPoller.cc:49
2025/04/06 11:14:745361 INFO  fd total count:1 - EPollPoller.cc:32
2025/04/06 11:14:854949 DEBUG timeout! - EPollPoller.cc:49
2025/04/06 11:14:855050 INFO  fd total count:4 - EPollPoller.cc:32
2025/04/06 11:14:615172 DEBUG timeout! - EPollPoller.cc:49
2025/04/06 11:14:615218 INFO  fd total count:1 - EPollPoller.cc:32
2025/04/06 11:14:684446 DEBUG timeout! - EPollPoller.cc:49
2025/04/06 11:14:684491 INFO  fd total count:1 - EPollPoller.cc:32
2025/04/06 11:14:745791 DEBUG timeout! - EPollPoller.cc:49
2025/04/06 11:14:745830 INFO  fd total count:1 - EPollPoller.cc:32
2025/04/06 11:14:865258 DEBUG timeout! - EPollPoller.cc:49
2025/04/06 11:14:865301 INFO  fd total count:4 - EPollPoller.cc:32
2025/04/06 11:14:625560 DEBUG timeout! - EPollPoller.cc:49
2025/04/06 11:14:625647 INFO  fd total count:1 - EPollPoller.cc:32
2025/04/06 11:14:694604 DEBUG timeout! - EPollPoller.cc:49
2025/04/06 11:14:694643 INFO  fd total count:1 - EPollPoller.cc:32
2025/04/06 11:14:748920 DEBUG timeout! - EPollPoller.cc:49
2025/04/06 11:14:748959 INFO  fd total count:1 - EPollPoller.cc:32
2025/04/06 11:14:875280 DEBUG timeout! - EPollPoller.cc:49
2025/04/06 11:14:875410 INFO  fd total count:4 - EPollPoller.cc:32
2025/04/06 11:14:629624 DEBUG timeout! - EPollPoller.cc:49
2025/04/06 11:14:629664 INFO  fd total count:1 - EPollPoller.cc:32
2025/04/06 11:14:705073 DEBUG timeout! - EPollPoller.cc:49
2025/04/06 11:14:705114 INFO  fd total count:1 - EPollPoller.cc:32
2025/04/06 11:14:759307 DEBUG timeout! - EPollPoller.cc:49
2025/04/06 11:14:759352 INFO  fd total count:1 - EPollPoller.cc:32
2025/04/06 11:14:880213 DEBUG timeout! - EPollPoller.cc:49
2025/04/06 11:14:880263 INFO  fd total count:4 - EPollPoller.cc:32
2025/04/06 11:14:639969 DEBUG timeout! - EPollPoller.cc:49
2025/04/06 11:14:640047 INFO  fd total count:1 - EPollPoller.cc:32
2025/04/06 11:14:715604 DEBUG timeout! - EPollPoller.cc:49
2025/04/06 11:14:715782 INFO  fd total count:1 - EPollPoller.cc:32
2025/04/06 11:14:762236 DEBUG timeout! - EPollPoller.cc:49
2025/04/06 11:14:762280 INFO  fd total count:1 - EPollPoller.cc:32
2025/04/06 11:14:887228 DEBUG timeout! - EPollPoller.cc:49
2025/04/06 11:14:887269 INFO  fd total count:4 - EPollPoller.cc:32
2025/04/06 11:14:649800 DEBUG timeout! - EPollPoller.cc:49
2025/04/06 11:14:649836 INFO  fd total count:1 - EPollPoller.cc:32
2025/04/06 11:14:726232 DEBUG timeout! - EPollPoller.cc:49
2025/04/06 11:14:726270 INFO  fd total count:1 - EPollPoller.cc:32
2025/04/06 11:14:772629 DEBUG timeout! - EPollPoller.cc:49
2025/04/06 11:14:772666 INFO  fd total count:1 - EPollPoller.cc:32
